French,English
le,the
de,of
un,a
à,to
être,to be
et,and
en,in
avoir,to have
que,that
pour,to
dans,in
ce,this
il,he
qui,who
ne,not
sur,on
se,se
pas,not
plus,more
pouvoir,to be able to
par,by
je,I
avec,with
tout,everything
faire,To do
son,his
mettre,to put
autre,other
on,we
mais,but
nous,we
comme,as
ou,Where
si,if
leur,their
dire,say
elle,she
devoir,Homework
avant,before
deux,of them
même,even
prendre,take
aussi,Also
celui,that's why I wrote to you
donner,give
bien,Well
où,where
fois,time
vous,you
encore,again
nouveau,new
aller,go
cela,that
entre,Between
premier,first
vouloir,want
déjà,already
grand,big
mon,my
me,me
moins,less
aucun,none
lui,him
temps,time
très,very
savoir,to know
falloir,to need
voir,see
quelque,some
sans,without
raison,raison
notre,our
dont,of which
non,Nope
an,year
monde,world
jour,day
monsieur,sir
demander,asking for
alors,then
après,after
trouver,to find
personne,person
rendre,render
part,go
dernier,last
venir,come
pendant,during
passer,pass
peu,little
lequel,which
suite,following
bon,Well
comprendre,understand
depuis,since
point,point
ainsi,thus
heure,hour
rester,stay
seul,Alone
année,year
toujours,always
tenir,hold
porter,carry
parler,to speak
fort,strong
montrer,to show
là,the
certain,certain
fin,end
tu,you
continuer,Continue
pays,country
trois,three
penser,think
lieu,location
partie,part
quand,when
suivre,to follow
contre,against
sous,under
côté,side
ensemble,whole
chose,thing
enfant,child
cause,cause
politique,Politics
place,square
seulement,only
moi,me
vie,life
connaître,to know
jusque,until
croire,believe
homme,male
cas,case
petit,small
commencer,to start
compter,count
fait,do
tel,Phone
droit,right
question,question
donc,So
quel,what
général,general
moment,moment
entendre,To hear
beaucoup,many
chaque,each
jeune,young
travail,work
femme,women
attendre,expect
remettre,to put back
appeler,to call
permettre,to permit
occuper,to occupy
gouvernement,government
eux,them
devenir,to become
partir,leave
plan,plan
décider,decide
soit,either
ici,here
rien,nothing
cours,Classes
affaire,affair
nom,name
famille,family
effet,effect
arriver,arrive
possible,possible
car,because
servir,to serve
mois,month
jamais,never
sembler,seem
tant,so much
vers,toward
besoin,need
revenir,to come back
dès,of the
moyen,average
groupe,band
problème,problem
rapport,report
peut-être,maybe
vue,seen
maintenant,now
pourquoi,for what
meilleur,better
trop,too
laisser,let
ordre,order
devant,in front
recevoir,receive
répondre,reply
vivre,to live
long,long
service,service
ministre,minister
face,face
chez,at the house of
te,you
rappeler,remind
présenter,to present
accepter,accept
agir,to act
simple,simple
plusieurs,many
votre,your
important,important
présent,here
mieux,better
poser,to pose
jouer,player
mot,word
reconnaître,to acknowledge
force,strength
situation,situation
offrir,to offer
près,close
choisir,Choose
national,national
projet,project
ni,neither
puis,then
toucher,to touch
train,train
aujourd'hui,today
comment,How? 'Or' What
surtout,Above all
gens,people
propre,clean
grâce,grace
idée,idea
selon,according to
région,region
aimer,to like
sens,sense
retrouver,to regain
semaine,week
également,also
ci,this
façon,way
nombre,number
perdre,to lose
français,French
expliquer,explain
quatre,four
compte,account
considérer,consider
lorsque,when
ouvrir,open
gagner,to earn
exemple,example
ville,city
économique,economic
mesure,measure
histoire,story
haut,high
ensuite,then
guerre,war
loi,law
président,President
exister,to exist
sûr,safe
refuser,to refuse
plutôt,rather
bureau,office
mauvais,Wrong
quant,as to
mort,dead
mal,wrong
lire,read
réussir,to succeed
marché,market
condition,condition
international,international
changer,change
oui,yes
public,audience
humain,human
souvent,often
cinq,five
système,system
travailler,to work
jeu,Game
vrai,TRUE
représenter,represent
madame,Mrs
société,society
difficile,difficult
quoi,what
entreprise,company
coup,stroke
or,gold
social,social
assurer,to assure
essayer,to try
juste,just
étranger,foreigner
empêcher,to prevent
million,million
manière,manner
sortir,to go out
prix,price
terme,term
longtemps,long time
reprendre,to resume
courant,fluent
intérêt,interest
mener,carry out
information,information
détail,retail
appartenir,belong
liberté,freedom
assez,quite
risquer,risk
chacun,each
concerner,concern
maison,home
d'abord,first of all
apprendre,learn
niveau,level
rencontrer,to meet
ton,your
œuvre,artwork
créer,to create
état,state
obtenir,get
clair,clear
chercher,look for
entrer,to enter
proposer,to propose
apporter,to bring
programme,program
loin,far
ligne,line
tête,head
libre,free
utiliser,use
atteindre,reach
tenter,to attempt
tard,late
enfin,finally
différent,different
sorte,sort
cependant,however
sujet,topic
importer,import
action,stock
relation,relationship
recherche,research
livre,book
ajouter,add
ailleurs,elsewhere
vraiment,really
doute,doubt
reste,rest
début,start
présence,presence
nombreux,many
produire,produce
préparer,prepare
forme,shape
décision,decision
rôle,role
dix,ten
produit,product
américain,American
minute,minute
relever,raise
autant,as much
peuple,people
second,second
prochain,next
particulier,particular
écrire,to write
position,position
développement,development
défendre,defend
chef,chief
économie,economy
effort,effort
parmi,among
membre,member
tirer,to pull
ancien,ancient
beau,beautiful
plein,full
juger,judge
éviter,avoid
soir,evening
personnel,personal
titre,title
parti,left
objet,object
unique,unique
souhaiter,to wish
afin,to
peine,sadness
malgré,despite
période,period
engager,to hire
réaliser,achieve
parfois,sometimes
lors,during
sérieux,serious
aider,to help
voix,voice
terminer,to end
base,base
espérer,hope
main,hand
gros,fat
arrêter,Stop
retour,return
prêt,ready
occasion,occasion
député,deputy
regarder,watch
plupart,mostly
deuxième,second
résultat,result
écouter,listen
terre,Earth
valoir,to be worth
dollar,dollar
intérieur,interior
page,page
confiance,trust
choix,choice
prévoir,to expect
chance,chance
notamment,especially
type,kind
but,goal
matin,morning
grave,severe
prise,socket
européen,European
étude,study
principe,principle
remplacer,replace
avancer,move up
six,six
nécessaire,necessary
activité,activity
valeur,value
marquer,to mark
entier,entire
réponse,answer
aide,aid
principal,major
élever,raise
pourtant,yet
commission,commission
cesser,to cease
poursuivre,pursue
maintenir,maintain
époque,era
exprimer,to express
ami,friend
bas,low
imposer,impose
moitié,half
avenir,coming
argent,money
mise,putting
œil,eye
eau,water
sauf,except
école,school
sécurité,security
milieu,environment
lettre,letter
presque,almost
attention,Warning
cadre,framework
futur,future
mouvement,movement
former,form
conduire,drive
règle,rule
poste,post
demande,request
centre,center
acte,deed
disparaître,to disappear
priver,deprive
constituer,constitute
accord,deal
milliard,billion
lier,bind
obliger,obligate
craindre,to fear
passé,past
âge,age
déclarer,to declare
oublier,forget
propos,about
troisième,third
quitter,leave
bout,end
population,population
toi,you
responsable,responsible
route,road
tôt,early
lancer,throw
limite,limit
fonction,function
emploi,use
objectif,purpose
paraître,appear
journal,log
annoncer,announce
lui-même,itself
tour,tower
voilà,so
volonté,will
envoyer,send
partager,to share
puisque,because
établir,establish
changement,change
garder,to keep
réalité,reality
interdire,to prohibit
finir,finish
placer,to place
sentir,feel
payer,to pay
esprit,mind
domaine,domain
diriger,to manage
noter,to note
nature,nature
régime,diet
charger,load
court,short
parent,parent
tomber,fall
départ,departure
mondial,global
entraîner,lead
disposer,arrange
parole,word
fond,background
publique,public
faux,fake
genre,gender
retenir,retain
communauté,community
intéresser,to interest
c'est-à-dire,that is to say
corps,body
matière,matter
sein,breast
difficulté,difficulty
parvenir,to arrive at
secteur,sector
appel,call
cœur,heart
père,dad
organisation,organization
unité,unity
noir,black
événement,event
double,double
convaincre,to convince
nation,nation
conseil,advice
soutenir,sustain
paix,peace
nuit,night
partout,all over
direction,direction
manquer,miss
actuel,current
opposer,oppose
signifier,mean
journée,daytime
d'ailleurs,moreover
traiter,treat
indiquer,indicate
tuer,kill
technique,technical
rapidement,rapidly
autour,around
réduire,reduce
d'après,according to
préférer,prefer
rue,street
riche,rich
bref,Short
nommer,appoint
violence,violence
siècle,century
article,article
durer,last
qualité,quality
gauche,left
solution,solution
voie,way
capable,able
canadien,canadian
erreur,error
livrer,deliver
auprès,with
simplement,simply
souvenir,memory
conséquence,result
large,wide
contraire,opposite
succès,hit
élément,element
local,local
été,summer
inviter,invite
extérieur,outside
pied,foot
mission,assignment
débat,debate
fille,daughter
répéter,repeat
texte,text
profiter,enjoy
chambre,bedroom
création,creation
prouver,prove
acheter,buy
justice,justice
production,production
ignorer,ignore
directeur,director
santé,health
souffrir,suffer
précis,precise
fixer,to stare
mère,mother
croissance,growth
risque,risk
arme,armed
estimer,to estimate
endroit,place
comité,committee
impossible,impossible
preuve,proof
véritable,TRUE
amener,to bring
viser,to aim
retirer,withdraw
total,total
image,image
date,date
travers,through
contrôle,control
énorme,huge
conserver,keep
réel,real
campagne,campaign
naître,be born
accorder,to agree
tourner,turn
participer,participate
vieux,old
rapide,quick
respecter,respect
passage,passage
essentiel,essential
adopter,adopt
subir,undergo
environ,around
expérience,experience
admettre,admit
découvrir,discover
couvrir,cover
assister,assist
sénateur,senator
dépasser,to go past
affirmer,to affirm
soumettre,submit
financier,financial
processus,process
militaire,military
frais,fresh
industrie,industry
apparaître,appear
responsabilité,responsibility
réserver,Reserve
porte,gate
victime,victim
territoire,territory
pauvre,poor
taux,rate
organiser,arrange
posséder,own
matériel,material
cent,hundred
constater,to certify
prononcer,pronounce
signe,sign
blanc,White
origine,origin
vendre,to sell
vite,quickly
langue,tongue
dangereux,dangerous
déplacer,move
importance,importance
suffire,suffice
espoir,hope
davantage,any further
saisir,to input
énergie,energy
réseau,network
mourir,to die
faible,low
employer,to employ
possibilité,possibility
spécial,special
accompagner,accompany
actuellement,currently
union,union
supposer,assume
fournir,provide
ceci,this
exiger,require
intervenir,to intervene
fils,son
d'accord,Okay
discuter,discuss
différence,difference
protéger,protect
abandonner,give up
avis,opinion
battre,beat
pire,worse
adresser,address
préciser,to specify
intervention,intervention
attirer,to attract
demeurer,remain
chiffre,figure
consacrer,devote
remplir,to fill
divers,various
appliquer,to apply
frapper,hit
peur,fear
parlement,parliament
fermer,to close
forcer,force
lutte,struggle
naturel,natural
air,air
auteur,author
opération,surgery
heureux,happy
crise,crisis
numéro,number
résoudre,to resolve
publier,publish
instant,moment
toutefois,Nevertheless
pousser,push
quelqu'un,someone
discours,speech
banque,bank
compagnie,company
reposer,to rest
opinion,opinion
classe,class
particulièrement,particularly
commun,commmon
satisfaire,satisfy
intention,intention
autorité,authority
anglais,English
échange,exchange
feu,fire
neuf,nine
observer,observe
capacité,ability
désigner,designate
dépendre,depend
message,message
construire,build
scène,stage
durant,during
secret,secret
plaisir,pleasure
dossier,case
proposition,proposal
combien,How many
nul,no
absence,absence
cher,dear
plaire,to please
derrière,behind
connaissance,knowledge
immédiatement,immediately
entrée,Starter
signer,sign
révéler,reveal
couper,to cut
salle,Hall
pièce,room
équipe,team
situer,locate
souligner,emphasize
source,source
respect,respect
crime,crime
précédent,previous
installer,to install
facile,easy
augmenter,to augment
réunir,reunite
impression,impression
octobre,october
médecin,doctor
fédéral,federal
police,police
coût,cost
formation,training
contrat,contract
normal,normal
attitude,attitude
faute,mistake
série,series
lever,lift
proche,close
direct,direct
imaginer,imagine
figurer,appear
pratique,convenient
finalement,eventually
allemand,German
pression,pressure
accès,access
champ,field
film,movie
charge,charge
envisager,consider
commune,commune
ressource,resource
monter,ascend
promettre,to promise
motion,motion
concentrer,focus
exactement,exactly
composer,compose
chemin,path
zone,area
province,province
élection,election
usage,use
conflit,conflict
hors,except
enquête,survey
terrain,ground
mars,March
tellement,such
espace,space
demain,tomorrow
hier,yesterday
confier,entrust
remarquer,to remark
égard,regard
supérieur,superior
huit,eight
condamner,damn
capital,capital
lien,link
voiture,car
discussion,discussion
limiter,restrict
justifier,to justify
agent,agent
sentiment,feeling
tâche,task
directement,directly
euh,uh
raconter,tell
décembre,December
développer,to develop
honorable,honorable
contact,contact
conclure,conclude
fruit,fruit
ouvert,open
investissement,investment
insister,insist
avantage,advantage
garde,keep
historique,historical
probablement,probably
voyage,trip
sept,seven
marche,walking
vérité,truth
commercial,commercial
critique,critical
ministère,ministry
baisser,to lower
somme,sum
culture,culture
cacher,hide
prêter,to lend
définir,to define
client,customer
exposer,expose
progrès,progress
secrétaire,secretary
mer,sea
rapporter,report
appuyer,to lean on
liste,list
rentrer,to return
mémoire,memory
caractère,character
détruire,destroy
civil,civil
nécessité,need
juin,june
danger,hazard
complexe,complex
commerce,trade
transport,transportation
attente,waiting
institution,institution
défense,defense
janvier,January
échapper,escape
négociation,negotiation
franc,franc
mai,may
septembre,september
environnement,environment
séparer,to separate
réaction,reaction
disposition,provision
positif,positive
scientifique,scientist
papier,paper
expression,expression
protection,protection
indépendant,independent
carte,menu
association,association
régler,adjust
modèle,model
commander,order
étudier,to study
déterminer,determine
budget,budget
fonder,found
structure,structure
complet,complete
exercer,exercise
amour,love
manifester,manifest
menacer,to menace
conseiller,advise
réunion,meeting
opposition,opposition
maladie,disease
outre,outraged
tandis,while
construction,construction
bande,bandaged
signal,signal
voisin,neighbor
réforme,reform
rejeter,to reject
novembre,november
fonds,funds
coûter,cost
reprise,reprise
presse,hurry
rouge,red
majorité,majority
autoriser,to allow
effectuer,carry out
bord,edge
central,central
procédure,procedure
faveur,favor
éducation,education
officiel,official
document,document
aspect,aspect
retourner,to return to
professionnel,professional
auparavant,previously
animal,animal
utile,useful
inscrire,to register
concurrence,competition
déclaration,statement
rejoindre,rejoin
mille,thousand
absolument,absolutely
prison,jail
armée,army
revenu,revenue
complètement,completely
confirmer,confirm
salaire,salary
lecture,reading
contribuer,contribute
attaquer,tackle
table,table
remonter,go back up
certes,certainly
avril,april
autrement,otherwise
ferme,closed
désormais,from now on
lourd,heavy
susciter,to stimulate
république,Republic
dur,hard
application,application
lutter,Wrestle
profit,profit
contenir,contain
déposer,to file
modifier,edit
communication,communication
jugement,judgement
manque,lack
échec,failure
traverser,to cross
transformer,transform
engagement,commitment
frère,brother
mardi,tuesday
rencontre,meet
vote,vote
renvoyer,dismiss
regretter,to regret
espèce,species
recommandation,recommendation
consister,consist
réagir,react
surprendre,surprise
circonstance,circumstance
témoin,witness
améliorer,improve
administration,administration
réfléchir,think
lumière,light
vert,green
apprécier,enjoy
combat,fight
sensible,sensitive
étudiant,student
vitesse,speed
malade,sick
portée,scope
élève,student
contrôler,control
merci,thank you
certainement,definitely
visite,visit
assemblée,Assembly
émission,emission
arrivée,arrival
puissance,Powerful
partenaire,partner
contenter,satisfy
perte,loss
libéral,liberal
citoyen,citizen
citer,to quote
influence,influence
camp,camp
établissement,establishment
vendredi,Friday
avance,advance
destiner,destiny
causer,cause
nord,north
lundi,Monday
maître,master
interroger,question
conférence,conference
provoquer,to provoke
vente,sale
ramener,to bring back
soldat,soldier
collègue,coworker
concevoir,design
procéder,proceed
poids,weight
voici,here is
acquérir,to acquire
moindre,lesser
convenir,suit
logique,logic
examiner,examine
soin,care
mesurer,measure
traitement,treatment
jeudi,Thursday
impliquer,involve
science,science
individu,individual
donnée,given
demi,half
combattre,combat
violent,violent
comporter,include
suivant,following
mériter,merit
emprunter,borrow
conscience,awareness
traduire,translate
sang,blood
millier,thousand
emporter,carry
initiative,initiative
nucléaire,nuclear
industriel,industrial
vif,lively
exact,exact
exception,exception
doubler,double
février,february
mode,fashion
tendre,tender
musique,music
gestion,management
honneur,honor
vaste,vast
évoquer,recall
fonctionner,function
étape,step
physique,physical
accuser,to accuse
parfaitement,perfectly
méthode,method
professeur,teacher
envers,towards
distribuer,distribute
existence,existence
prétendre,to claim
global,overall
dommage,shame
crédit,credit
tendance,tendency
chaîne,chain
relatif,relative
note,note
réserve,Reserve
maximum,maximum
moteur,motor
version,version
règlement,settlement
couple,couple
mercredi,Wednesday
régional,regional
sinon,otherwise
entreprendre,undertake
au-delà,beyond
étendre,to expand
sortie,exit
profond,deep
décrire,describe
etc,etc
récent,recent
télévision,television
retraite,retirement
art,art
frontière,frontier
égal,equal
promesse,promise
entretenir,maintain
habiter,to live
quartier,neighborhood
avocat,attorney
accueillir,welcome
libérer,to free
vivant,living
université,university
rire,to laugh
facilement,easily
crainte,fear
commettre,commit
précisément,precisely
soutien,support
urgence,emergency
clé,key
enlever,to remove
jeter,discard
religieux,religious
analyse,to analyse
disponible,available
regard,glance
prévenir,prevent
bientôt,soon
analyser,analyze
mariage,wedding
couleur,color
témoigner,bear witness
sauver,save
parlementaire,parliamentary
conclusion,conclusion
bleu,blue
dehors,outside
remercier,thank
actif,asset
réclamer,claim
habitude,habit
récemment,recently
fil,thread
collectif,collective
excellent,excellent
moral,moral
accident,accident
code,coded
puissant,powerful
recueillir,collect
fabriquer,make
représentant,representing
rare,rare
extraordinaire,extraordinary
dimanche,Sunday
vérifier,check
envie,urge
enregistrer,save
moderne,modern
parc,Park
impôt,tax
sud,south
efficace,efficient
intéressant,interesting
île,Isle
cité,cited
carrière,career
voter,vote
traité,treaty
libération,release
nourrir,to feed
sérieusement,seriously
bras,arms
immédiat,immediate
exceptionnel,exceptional
rechercher,to research
palestinien,Palestinian
lendemain,the following day
producteur,producer
garantir,to guarantee
geste,gesture
roman,novel
augmentation,increase
facteur,postman
policier,policeman
échelle,ladder
supplémentaire,additional
pratiquer,practice
pensée,thought
extrême,extreme
néanmoins,However
bénéficier,benefit
vingt,twenty
revoir,see again
perspective,perspective
défaut,default
précieux,precious
retard,delay
démocratie,democracy
renforcer,to reinforce
silence,silence
troupe,troop
qualifier,to qualify
absolu,absolute
dégager,clear
stratégie,strategy
bateau,ship
printemps,spring
course,race
exercice,practice
fondamental,fundamental
visage,face
droite,right
machine,machine
village,town
britannique,British
surveiller,to watch
édition,editing
organisme,organization
leçon,lesson
accomplir,accomplish
décevoir,disappoint
bataille,battle
port,Harbor
naissance,birth
majeur,major
froid,cold
hôpital,hospital
circuit,circuit
terrible,terrible
degré,degree
exigence,requirement
rêve,dream
inspirer,Inspire
opérer,operate
entièrement,entirely
chapitre,chapter
quotidien,daily
clairement,clearly
joindre,join
léger,light
permanent,permanent
juge,judge
après-midi,afternoon
russe,Russian
juillet,july
ordinaire,ordinary
candidat,candidate
rapprocher,bring together
résistance,resistance
fier,proud
justement,exactly
habitant,resident
formule,formula
mur,wall
tribunal,court
journaliste,journalist
manger,eat
soulever,raise
évidemment,obviously
travailleur,worker
résolution,resolution
dirigeant,leader
marque,brand
utilisation,use
offre,offer
habituel,usual
survivre,survive
populaire,popular
constitution,constitution
participation,participation
évolution,evolution
totalement,totally
gérer,manage
samedi,Saturday
informer,inform
fou,mad
attacher,attach
renouveler,renew
asseoir,Sit
oh,Oh
transfert,transfer
renoncer,to renouncer
roi,King
soi,self
téléphone,phone
net,net
foi,faith
motif,pattern
plaindre,complain
tradition,tradition
institut,institute
victoire,victoire
arrêt,stop
concours,competition
vis-à-vis,vis à vis
aboutir,lead
visiter,to visit
elle-même,herself
démocratique,democratic
tentative,attempt
largement,widely
échouer,fail
désirer,to desire
côte,coast
génération,generation
vent,wind
technologie,technology
inquiéter,worry
dépit,spite
équilibre,balance
inquiet,worry
obstacle,obstacle
réflexion,reflection
uniquement,uniquely
affecter,affect
revanche,revenge
ressembler,resemble
station,station
supporter,support
privé,private
catégorie,category
mine,mine
législatif,legislative
ah,ah
propriétaire,owner
favoriser,to favor
priorité,priority
avion,plane
minimum,minimum
criminel,criminal
photo,Photo
précéder,precede
solide,solid
correspondre,match
navire,ship
centaine,hundred
explication,explanation
transmettre,to transmit
appareil,device
publication,publication
associer,associate
trait,trait
référence,reference
bois,drink
identifier,identify
symbole,symbol
consommation,consumption
idéal,ideal
chômage,unemployment
courage,courage
reconnaissance,recognition
entretien,maintenance
encourager,encourage
kilomètre,kilometer
dérouler,unroll
identité,identify
amendement,amendment
signaler,report
division,division
contexte,context
coupable,guilty
favorable,favorable
obligation,obligation
août,august
attribuer,assign
courir,run
examen,review
personnage,character
dénoncer,denounce
inconnu,unknown
échanger,to exchange
montant,amount
éliminer,eliminate
ouverture,opening
tableau,table
exclure,exclude
meurtre,murder
exemplaire,copy
propriété,property
final,final
site,site
séance,session
durée,duration
élire,elect
baisse,decrease
inquiétude,worry
israélien,Israeli
représentation,representation
pareil,the same
mandat,mandate
quinze,fifteen
vide,empty
statut,status
essai,essay
sourire,to smile
italien,Italian
suggérer,suggest
interrompre,interrupt
au-dessus,above
agence,agency
usine,plant
unir,unite
rang,rank
employé,employee
sommet,Mountain peak
franchir,cross
évident,obvious
comportement,behaviour
fête,party
sol,floor
écarter,displease
vague,vague
réduction,reduction
culturel,cultural
coopération,cooperation
vertu,virtue
d'autant,especially
leader,leader
taille,cut
contenu,contents
distance,distance
automne,fall
arrière,back
vision,vision
investir,invest
diminuer,to diminish
réfugier,refuge
entourer,surround
juif,Jewish
considérable,considerable
conduite,conduct
convention,convention
communiquer,to communicate
prolonger,to prolong
verser,to pay
évidence,evidence
essentiellement,basically
démontrer,demonstrate
négatif,negative
approche,approach
délai,time limit
accroître,increase
bruit,noise
humanité,humanity
radio,radio
moi-même,myself
syndicat,union
prudent,prudent
soirée,evening
vol,flight
marcher,walk
tiers,third
mètre,metre
aborder,to land
occidental,Western
suffisant,sufficient
ciel,sky
tromper,to trick
modeste,modest
éloigner,remove
seconde,second
malheureusement,unfortunately
évaluer,assess
extrêmement,extremely
interne,internal
voire,even or even
témoignage,testimony
messieurs,gentlemen
effectivement,effectively
gaz,gas
acteur,actor
adapter,adapt
cour,court
dépense,spent
souci,worry
expert,expert
sœur,sister
relativement,relatively
comparer,compare
procès,court case
provenir,arise from
réellement,Actually
conscient,aware
céder,to sell
médical,medical
diviser,divide
colère,anger
patient,patient
notion,notion
siège,headquarters
hausse,rise
mécanisme,mechanism
traditionnel,traditional
quart,quarter
approcher,approach
trafic,traffic
catholique,Catholic
foyer,foyer
adulte,adult
reprocher,to reproach
métier,job
modification,modification
peser,weigh
médias,media
hiver,winter
définition,definition
spécialiste,specialist
mari,husband
supprimer,to delete
guère,hardly
douter,doubt
ressentir,to feel
sexuel,sexual
consulter,consult
renseignement,intelligence
âgé,elderly
fonctionnement,working
garçon,boy
parfait,perfect
résumer,to sum up
prévision,forecast
quatrième,fourth
fenêtre,window
incapable,unable
hésiter,hesitate
menace,threat
universel,universal
jeunesse,youth
voler,fly
résister,resist
profondément,deeply
séparation,separation
inutile,useless
refus,refusal
poisson,fish
révolution,revolution
prisonnier,prisoner
avouer,confess
saluer,greet
fer,iron
familial,family
cinéma,movie theater
calcul,calculation
armé,armed
enseignement,education
étonnant,amazing
dizaine,tens
dessus,above
achever,finish
fonctionnaire,official
instruction,instruction
pratiquement,practically
oser,dare
rassembler,bring together
réalisation,production
fiscal,tax
démarche,Steps
corriger,to correct
volume,volume
réussite,success
désir,desire
pur,pure
exportation,export
prier,pray
trente,thirty
âme,soul
dominer,dominate
autorisation,permission
instrument,instrument
indépendance,independence
tort,wrong
hauteur,height
critiquer,criticize
attaque,offensive
assurance,assurance
déficit,deficit
évoluer,evolve
drogue,dope
concret,concrete
percevoir,perceive
rythme,rhythm
approuver,approve
douze,twelve
juridique,legal
espagnol,Spanish
saison,season
épreuve,test
hypothèse,hypothesis
relier,relate
financement,funding
dos,back
consommateur,consumer
soviétique,Soviet
volontaire,deliberate
négocier,to negotiate
finance,finance
rêver,dream
indien,Indian
quantité,amount
définitif,final
persuader,persuade
interpréter,to interpret
annuel,annual
commentaire,comment
marier,marry
spectacle,show
pari,bet
célèbre,famous
ouest,west
sexe,sex
eh,eh
recours,appeal
accent,accent
introduire,introduce
communiste,Communist
concert,concert
couverture,blanket
religion,religion
appui,support
théâtre,theater
saint,Holy
conséquent,substantial
équipement,equipment
descendre,go down
patron,boss
marge,margin
abri,shelter
recette,recipe
généralement,generally
vigueur,vigor
baser,base
soleil,sun
électoral,electoral
ennemi,enemy
bourse,stock Exchange
dimension,dimension
déployer,deploy
dialogue,dialogue
thème,theme
circuler,circulate
porte-parole,spokesperson
présentation,presentation
forêt,forest
outil,tool
vacance,holiday
suffisamment,enough
défi,challenge
front,forehead
suspendre,to suspend
calme,calm
montagne,mountain
sévère,severe
apparemment,apparently
présidence,presidency
magasin,warehouse
commissaire,commissioner
écrivain,writer
monétaire,monetary
ouvrage,work
réputation,reputation
cabinet,cabinet
écart,difference
chien,dog
surveillance,surveillance
indispensable,essential
conversation,conversation
surface,surface
féliciter,congratulate
sûrement,surely
bombe,bomb
efficacité,efficiency
euro,euro
phase,phase
confusion,confusion
précision,precision
compétence,skill
bilan,balance sheet
immense,immense
massif,massive
chute,fall
constant,constant
sain,healthy
intégrer,to integrate
aérien,air
contrairement,contrary to
pierre,Pierre
socialiste,socialist
fortement,strongly
régulier,regular
boîte,box
financer,finance
théorie,theory
hôtel,hotel
nier,deny
phénomène,phenomenon
là-bas,the low
étonner,astonish
totalité,all
sort,spell
accéder,to access
église,church
récupérer,to recover
doter,endow
contribution,contribution
profondeur,depth
émettre,issue
test,test
vice-président,vice-president
pêche,sin
découverte,discovery
potentiel,potential
agricole,agricultural
intellectuel,intellectual
essence,essence
pencher,lean
artiste,artist
coin,corner
tension,tension
don,Don
uniforme,uniform
fidèle,faithful
grève,strike
achat,purchase
mentionner,mention
exécution,execution
distinguer,to distinguish
exploiter,to exploit
administratif,administrative
effectif,effective
communautaire,community
individuel,individual
faciliter,facilitate
original,original
surprise,surprise
veiller,watch
dette,debt
capitale,capital city
maintien,maintenance
chanter,sing
pension,pension
revue,review
clore,close
neige,snow
figure,figure
masse,mass
susceptible,susceptible
étroit,narrow
goût,taste
prestation,benefit
régner,to reign
catastrophe,disaster
ressortir,come out
exploitation,exploitation
manifestation,demonstration
dormir,sleep
lit,bed
bouche,blocked
excuse,excuse
veille,day before
content,happy
rassurer,reassure
triste,sad
latin,Latin
classique,classic
alliance,alliance
préoccupation,concern
trace,trace
logement,accommodation
langage,speech
plainte,complaint
chaud,warm
taire,to hush up
émotion,emotion
judiciaire,judicial
progresser,progress
secours,rescue
confronter,to confront
strict,strict
club,club
ouvrier,worker
souffrance,suffering
observation,observation
rétablir,to re-establish
immeuble,building
passion,passion
rupture,breakup
office,office
compliquer,complicate
assumer,to assume
partiel,partiel
éprouver,experience
rendez-vous,appointment
argument,argument
planète,planet
maire,mayor
délicat,delicate
attentat,bombing
boire,drink
richesse,wealth
caisse,box
hasard,chance
héros,hero
oreille,ear
incident,incident
café,coffee
annonce,announcement
régulièrement,regularly
pont,bridge
foutre,cum
apercevoir,to notice
refléter,reflect
bouger,to move
foule,crowd
chrétien,Christian
isoler,isolate
norme,standard
égalité,equality
tenue,outfit
animer,animate
statistique,statistical
piste,track
préserver,to preserve
hommage,tribute
inférieur,lower
match,match
pointe,point
gouvernemental,governmental
exécuter,execute
tragédie,tragedy
distribution,distribution
scandale,scandal
irakien,Iraqi
chinois,Chinese
bénéfice,profit
billet,ticket
choc,shock
proportion,proportion
canal,channel
briser,to break
destruction,destruction
reculer,to move back
critère,criteria
gardien,guardian
adresse,address
réception,reception
conservateur,conservative
ouais,yeah
transporter,carry
brûler,burn
manœuvre,maneuver
monnaie,cash
transmission,transmission
quelconque,any
courrier,mail
grandir,to grow
élaborer,elaborate
doigt,finger
illustrer,illustrate
poche,poached
affronter,confront
éclater,to burst
honte,shame
faiblesse,weakness
fédération,federation
presser,squeeze
mêler,mix
bonheur,happiness
formuler,formulate
crier,to cry out
pauvreté,poverty
bâtiment,building
époux,husband
médicament,drug
firme,firm
élargir,to broaden
électeur,elector
plonger,dip
véhicule,vehicle
fuir,flee
chercheur,searcher
varier,vary
personnalité,personality
inventer,invent
principalement,mostly
prudence,caution
stade,stadium
liaison,connection
consultation,consultation
québécois,Quebecer
ordonner,to order
bonjour,hello
morale,moral
contester,challenge
nécessairement,necessarily
détermination,determination
congrès,Congress
semblable,similar
préoccuper,concern
dépôt,deposit
considération,consideration
multiplier,multiply
dame,lady
joie,joy
durable,sustainable
faim,hunger
excuser,excuse
recommander,recommend
concept,concept
cerveau,brain
truc,thing
allié,ally
scolaire,school
arabe,Arab
diffuser,broadcast
budgétaire,budgetary
inquiétant,disturbing
inclure,include
style,style
combler,to fill in
ombre,shadow
annuler,to cancel
joueur,player
bloquer,to block
interprétation,interpretation
climat,weather
séjour,stay
guider,guide
spécialiser,specialize
ben,ben
sport,sport
amélioration,improvement
douleur,pain
issue,outcome
généreux,generous
absent,absent
talent,talent
normalement,normally
remarque,remark
détourner,divert
raisonnable,within reason
suprême,supreme
éventuel,possible
blesser,hurt
orientation,orientation
grec,Greek
secondaire,secondary
reporter,report
partisan,supporter
cinquième,fifth
distinction,distinction
impact,impact
magazine,magazine
compléter,complete
mérite,deserved
naturellement,naturally
collaboration,collaboration
procurer,procure
officier,officer
remarquable,outstanding
efforcer,strive
tragique,tragic
anniversaire,anniversary
issu,output
poursuite,pursuit
nôtre,our
éclairer,light up
consommer,consume
infirmier,male nurse
caractéristique,characteristic
dépenser,spend
censé,supposed
fuite,leak
conviction,conviction
nettement,clearly
détenir,to possess
évaluation,Evaluation
installation,facility
innocent,innocent
fameux,famous
cultiver,cultivate
doux,sweet
gouverner,govern
jouir,enjoy
parcourir,Browse
bloc,block
électrique,electric
seuil,threshold
croissant,increasing
classer,to classify
audience,audience
multiple,multiple
minorité,minority
phrase,phrasing
provisoire,tentative
hein,eh
disparition,disappearance
dynamique,dynamic
renverser,to spill
trouble,trouble
désoler,desolate
accélérer,accelerate
littérature,literature
résider,to reside
adolescent,teenager
dessiner,draw
rompre,to break up
agriculture,agriculture
gouverneur,governor
aventure,adventure
armer,arm
volet,shutter
bâtir,to build
prime,prime
résulter,result
occupation,occupation
japonais,Japanese
emmener,bring
alimentaire,eating
lecteur,reader
marin,marine
intermédiaire,intermediate
vœu,wish
dresser,to draw up
conception,design
afficher,pin up
fragile,brittle
satisfaction,satisfaction
survenir,occur
publicité,publicity
arbre,tree
univers,universe
aéroport,airport
sauter,to jump
chasse,hunt
collège,middle school
garantie,guarantee
morceau,piece
salarié,employee
discipline,discipline
explosion,blast
peau,skin
commande,ordered
orienter,orient
reproduire,reproduce
paragraphe,paragraph
radical,radical
transférer,to transfer
diffusion,diffusion
spécialement,especially
croître,grow
tolérer,tolerate
copie,copy
enseigner,teach
rédiger,write
magnifique,magnificent
initial,initial
indice,index
promotion,promotion
branche,plugged
section,section
chanson,song
pair,peer
contraindre,constrain
trancher,to slice
réformiste,reformist
retarder,to delay
réjouir,rejoice
punir,to punish
repartir,divide
cellule,cell
déclencher,trigger
uni,United
connexion,connection
écouler,flow out
option,option
pétrole,oil
laboratoire,laboratory
étrange,odd
coucher,sleep
département,department
génie,genius
profession,occupation
rumeur,rumor
mien,mine
drôle,funny
plat,flat
maman,mom
incertitude,uncertainty
célébrer,to celebrate
dignité,dignity
légitime,legit
philosophie,philosophy
verre,glass
spécifique,specific
docteur,doctor
hausser,rack
fréquence,frequency
urgent,urgent
trou,hole
stratégique,strategic
mental,mental
éditeur,editor
provincial,provincial
casser,to break
probable,likely
signature,signature
forcément,necessarily
conformément,in accordance
croiser,cross
plastique,plastic
autonome,autonomous
héritage,heritage
voyager,to travel
électronique,electronic
parallèle,parallel
répartir,divide
courageux,brave
réveiller,wake
satellite,satellite
ordinateur,computer
fondé,based
blessé,hurt
municipal,municipal
salut,Hi
songer,think
enfance,childhood
là-dessus,on this
merveilleux,wonderful
sien,his
commenter,comment
inciter,encourage
prière,pray
nécessiter,require
urbain,urban
musée,Museum
pluie,rain
précaution,precautionary
anticiper,anticipate
cheval,horse
communiqué,communicated
suicide,suicide
rivière,river
avertir,to warn
rédaction,writing
enceinte,pregnant
substance,substance
soigner,to tend to
récit,narrative
revendication,claim
incroyable,unbelievable
sondage,survey
mineur,minor
composition,composition
débarrasser,rid
accusation,charge
invitation,invitation
présidentiel,presidential
concurrent,competitor
prévu,planned
suisse,Swiss
franchement,frankly
paiement,payment
comparaison,comparison
musulman,Muslim
déplacement,shift
légal,legal
dispositif,device
constitutionnel,constitutional
contrainte,constraint
tarder,delay
refaire,remake
pleurer,cry
débattre,discuss
immigration,immigration
cancer,cancer
lâcher,let go
cercle,circle
génétique,genetic
importation,import
tonne,tonne
dieu,god
référendum,referendum
perdu,lost
obligé,obligatory
visiteur,visitor
remporter,win
rond,round
étage,stage
intense,intense
bébé,baby
amitié,friendship
cinquante,fifty
zéro,zero
drame,drama
visible,visible
haine,hate
instance,instance
cérémonie,ceremony
ambition,ambition
recourir,resort
sanction,sanction
géant,giant
jardin,garden
nourriture,food
engendrer,generate
infrastructure,infrastructure
adversaire,opponent
africain,African
royal,royal
mobile,mobile
significatif,significant
circulation,traffic
cotisation,contribution
entente,agreement
cheveu,hair
ralentir,to slow down
cadeau,present
affirmation,affirmation
requérir,require
destination,destination
stabilité,stability
louer,hire
gars,guys
fleur,flower
agriculteur,farmer
poète,poet
fabrication,manufacturing
vin,wine
soudain,suddenly
balle,ball
inflation,inflation
sec,dry
arrêté,stopped
enfermer,enclose
abattre,tear down
paysan,peasant
transition,transition
humanitaire,humanitarian
répandre,spread
adoption,adoption
adorer,love
appartement,apartment
session,session
entamer,to initiate
ménage,household
purement,purely
enjeu,stakes
passager,passenger
transformation,transformation
calculer,calculate
misère,misery
légèrement,slightly
écraser,to crush
enrichir,enrich
restaurant,restaurant
destin,fate
discrimination,discrimination
certitude,certainty
huile,oil
sacré,sacred
autonomie,autonomy
sac,bag
stock,stock
invoquer,invoke
compromettre,to compromise
arracher,to tear out
sombre,dark
barre,rod
contradiction,contradiction
maîtriser,to master
violer,violate
souveraineté,sovereignty
épargner,save
concentration,concentration
téléphonique,telephone
remise,delivery
mec,guy
solidarité,solidarity
restreindre,restrict
décennie,decade
aussitôt,right away
officiellement,officially
chasser,hunt
dîner,having dinner
personnellement,personally
fréquenter,frequent
projeter,project
littéraire,literary
présider,preside
fortune,fortune
malheureux,unfortunate
numérique,digital
combattant,fighter
soupçonner,suspect
merde,shit
entrepreneur,entrepreneur
exposition,exposure
marchand,trader
cri,shout
féminin,feminine
désert,desert
vêtement,garment
autrefois,in the old days
surmonter,overcome
marchandise,merchandise
autochtone,native
continent,continent
définitivement,definitively
heureusement,fortunately
digne,worthy
guide,guide
tabac,tobacco
rendement,yield
ampleur,extent
pleinement,fully
désastre,disaster
joli,nice
promouvoir,promote
écho,echo
fusion,fusion
innovation,innovation
sélection,selection
confondre,to confuse
honnête,honest
tournant,turning point
automobile,automotive
collectivité,community
record,record
excessif,excessive
ridicule,ridiculous
modalité,modality
paquet,pack
fondation,foundation
terroriste,terrorist
retrait,withdrawal
organe,organ
protocole,protocol
apparition,appearance
gain,gain
écran,screen
sonner,ring
protester,protest
curieux,curious
effacer,wipe off
débuter,start
creuser,dig
allusion,allusion
lancement,launch
porteur,carrier
préalable,prior
programmer,program
traîner,hang out
domicile,residence
oiseau,bird
quarante,forty
sacrifice,sacrifice
barrière,fence
biais,bias
feuille,leaf
délégation,delegation
épuiser,exhaust
champion,champion
librement,freely
congé,leave
taxe,tax
onze,eleven
téléphoner,call
serrer,to squeeze
caractériser,characterize
préparation,preparation
inverse,reverse
intituler,title
possession,possession
rejet,rejection
enseignant,teacher
avérer,prove
papa,dad
collaborateur,collaborater
gêner,embarrass
technicien,technician
cycle,cycle
accumuler,accumulate
sauvage,wild
alcool,alcohol
prétexte,pretext
impressionnant,impressive
scénario,script
électricité,electricity
gratuit,free
révolutionnaire,revolutionary
jambe,leg
insuffisant,insufficient
privilège,privilege
week-end,weekend
équivalent,equivalent
regrouper,gather
invité,guest
militant,activist
participant,participant
blessure,wound
privilégier,favor
midi,midday
disque,disk
couche,lying down
dater,date
habituer,get used to
inévitable,inevitable
recommencer,restart
race,breed
vivement,strongly
beauté,beauty
atmosphère,atmosphere
épaule,shoulder
amoureux,lover
circonscription,constituency
debout,standing
influencer,influence
recul,decline
mortel,mortal
flux,flux
horizon,horizon
délivrer,issue
subvention,grant
formel,formal
aggraver,aggravate
lait,milk
alimenter,feed
intelligent,clever
équilibrer,to balance
bibliothèque,library
absurde,absurd
océan,ocean
quelques-uns,some
dicter,to dictate
tenant,holding
stable,steady
capitaine,captain
solliciter,solicit
convoquer,convene
prévention,prevention
terrestre,earthly
utilisateur,user
obligatoire,obligatory
terminal,terminal
choquer,chock
primaire,primary
vital,vital
destinée,destiny
patrimoine,inheritance
conforme,consistent
adjoint,assistant
ultime,ultimate
intégration,integration
rarement,rarely
couler,to flow
diversité,diversity
amuser,amuse
complémentaire,complementary
satisfaisant,satisfying
accueil,welcome
camion,truck
douloureux,sore
glisser,to glide
prêtre,priest
indication,indication
exagérer,overdo it
décès,death
parisien,Parisian
psychologique,psychological
réviser,revise
profil,profile
rater,to fail
respectif,respective
tranquille,calm
registre,register
contemporain,contemporary
exclusif,exclusive
performance,performance
angle,angle
divorce,divorce
fermeture,closing
affaiblir,weaken
constamment,constantly
horreur,horror
envahir,to invade
pétrolier,tanker
faculté,ability
brillant,bright
pacte,pact
suspect,suspicious
lent,slow
assistance,assistance
négliger,to neglect
injuste,unfair
plaider,argue
récompenser,reward
suppression,deletion
coupure,cut
glace,ice
gare,station
drapeau,flag
réparer,to fix
sensibilité,sensitivity
jaune,yellow
existant,existing
procureur,prosecutor
informatique,computer science
restriction,restriction
pacifique,peaceful
bête,stupid
indicateur,indicator
racine,root
compenser,compensate for
maritime,maritime
gravité,severity
pénétrer,enter
civilisation,civilization
rouler,to roll
technologique,technological
heurter,to hit
football,soccer
décevant,disappointing
législation,legislation
approprier,appropriate
tactique,tactical
thèse,thesis
acceptable,acceptable
surgir,arise
prince,prince
vidéo,video
semer,sow
créateur,Creator
partenariat,partnership
file,line
chômeur,unemployed
correct,correct
cuisine,food
succéder,succeed
royaume,kingdom
rebelle,rebel
provenance,origin
fumer,to smoke
dessin,drawing
viande,meat
paramètre,setting
gré,grateful
dessous,under
voyageur,traveler
réaliste,realistic
condamnation,conviction
similaire,similar
employeur,employer
paysage,landscape
discret,discreet
longueur,length
lentement,slowly
miracle,miracle
déboucher,unclog
illégal,illegal
expansion,expansion
mutuel,mutual
sage,wise
commandement,commandment
correspondant,corresponding
grimper,to climb up
pause,pause
répartition,distribution
sacrifier,sacrifice
chimique,chemical
compétition,competition
combiner,combine
touriste,tourist
ravir,delight
pardon,sorry
filet,net
atomique,atomic
contribuable,taxpayer
progressivement,gradually
progression,progress
nez,nose
antérieur,prior
inacceptable,unacceptable
progressif,progressive
adhésion,membership
portrait,portrait
détailler,to give detail
valable,valid
coordination,coordination
sportif,jock
rose,pink
quête,quest
compromis,compromise
investisseur,investor
présumer,assume
abandon,abandonment
identique,identical
exploser,explode
mensonge,lie
défaite,defeat
meurtrier,murderer
rigoureux,rigorous
mentir,lie
fréquent,frequent
œuf,egg
ambassadeur,ambassador
observateur,observer
revêtir,put on
accessoire,accessory
acquisition,acquisition
tournée,tour
tranche,slice
plage,beach
inspecteur,inspector
tempête,storm
tissu,tissue
souverain,sovereign
distinct,distinct
survie,survival
repousser,repel
adaptation,adaptation
plante,plant
nuire,harm
putain,whore
imagination,imagination
accusé,accused
repérer,spot
directive,directive
rural,rural
persister,persist
coalition,coalition
diplomatique,diplomatic
excellence,Excellency
apparence,appearance
oriental,Oriental
écriture,writing
parcours,journey
républicain,republican
embarquer,embark
révolte,revolt
intéressé,interested
formidable,tremendous
tas,pile
déjeuner,to eat lunch
disputer,argue
élite,elite
malheur,misfortune
aube,dawn
salon,lounge
infliger,inflict
repos,rest
déranger,to bother
inhabituel,unusual
interdiction,prohibition
consentir,consent
variable,variable
médecine,medicine
contradictoire,contradictory
exclusivement,exclusively
cible,target
détenu,held
volontiers,gladly
fauteuil,armchair
couloir,corridor
enthousiasme,enthusiasm
télé,TV
éthique,ethics
révision,revision
pointer,point
assassiner,murder
optimiste,optimistic
instaurer,set up
isolé,isolated
revendiquer,claim
secouer,shake
bizarre,weird
abus,abuse
procédé,process
pêcheur,fisherman
amateur,amateur
regret,regret
accroissement,increase
trimestre,quarter
onde,wave
spatial,spatial
brut,raw
éventuellement,"Most often is ""possibly"""
vache,cow
gris,Grey
aise,easy
agression,assault
loisir,leisure
chaleur,heat
ranger,tidy
partage,share
étoile,star
mystère,mystery
quasi,almost
description,description
serbe,Serbian
biologique,organic
universitaire,university
emparer,take over
dent,tooth
neutre,neutral
aîné,elder
trahir,to betray
intelligence,intelligence
admirer,to admire
licence,Licence
rigueur,rigor
maternel,maternal
métal,metal
palais,palace
belge,Belgian
brutal,brutal
extraire,extract
signification,meaning
filer,spin
automatique,automatique
accrocher,hang
pain,bread
plateau,tray
répétition,repetition
diminution,decrease
collection,collection
gène,embarrassed
permanence,permanence
reine,queen
privatisation,privatization
correspondance,correspondence
planter,plant
strictement,strictly
violation,breach
compensation,compensation
lycée,high school
con,stupid
combinaison,combination
injustice,injustice
reportage,report
déception,disappointment
soucier,worry
plafond,ceiling
opérateur,operator
camarade,comrade
traduction,translation
compréhension,comprehension
réglementation,regulations
déplorer,deplore
mobiliser,mobilize
encadrer,supervise
gentil,kindly
folie,madness
terrorisme,terrorism
illusion,illusion
portefeuille,wallet
séduire,seduce
précipiter,precipitate
clôture,fence
piloter,pilot
agréable,pleasant
télécommunication,telecommunication
désaccord,disagreement
uranium,uranium
aliment,food
alimentation,food
pomme,apple
ingénieur,engineer
vider,empty
attentif,attentive
démarrer,to start up
coordonner,to coordinate
larme,tear
sourd,deaf
cigarette,cigarette
vallée,valley
artificiel,artificial
différer,to differ
honorer,to honour
entrevue,interview
ressort,spring
fixe,fixed
opportunité,opportunity
robe,dress
plaque,plate
découler,result
décisif,decisive
piège,trap
prédire,to predict
enterrer,bury
refuge,refuge
recouvrir,cover
pente,slope
album,album
mixte,mixed
clinique,clinical
spectateur,spectator
axe,axis
chasseur,hunter
chéri,dear
peinture,painting
déchet,waste
siéger,sit
grand-chose,great
temporaire,temporary
affiche,attach
massacre,massacre
actualité,news
redevenir,become again
crucial,crucial
marine,Marine
cadavre,corpse
fleuve,River
toit,roof
mécanique,mechanical
transparence,transparency
amorcer,start
détester,to hate
fondateur,founder
charte,charter
productivité,productivity
succession,succession
simplifier,simplify
briller,shine
ambitieux,ambitious
sale,dirty
consentement,consent
chapeau,hat
calmer,calm
mythe,myth
alternative,alternative
soulager,relieve
scrutin,ballot
culpabilité,guilt
considérablement,considerably
bouleverser,upset
introduction,introduction
dramatique,dramatic
vaincre,overcome
pétition,petition
renseigner,to inform
ordonnance,order
aile,wing
température,temperature
coupe,chopped off
rayon,Ray
lèvre,lip
promener,to take a walk
boulot,gig
correctement,properly
colonne,column
arranger,arrange
lointain,distant
danser,to dance
charbon,coal
passionner,passionate
colline,hill
poésie,poetry
généraliser,generalize
transaction,transaction
extrémité,end
pénal,criminal
économiste,economist
banlieue,suburb
bancaire,banking
défaire,to do
calendrier,schedule
repas,meal
cul,ass
vouer,dedicate
surprenant,surprising
paradis,heaven
transparent,transparent
élu,elected
tourisme,tourism
démonstration,demonstration
gravement,seriously
infraction,offense
tir,shot
envoi,mail
arrangement,arrangement
pardonner,to forgive
collaborer,work out
danse,dance
tester,test
proclamer,proclaim
genou,knee
dominant,dominant
péril,Danger
préférence,preference
vain,vain
rentrée,back to school
coller,to stick on
monopole,monopoly
approfondir,deepen
incendie,fire
proximité,proximity
hélicoptère,helicopter
bouteille,bottle
championnat,championship
hériter,to inherit
élémentaire,elementary
entité,entity
souffler,to blow
dit,said
mélange,mixed
pourcentage,percentage
permis,permit
mélanger,to mix together
proprement,properly
enfoncer,to press in
clandestin,clandestine
super,Great
encontre,against
syndical,union
deviner,to guess
tracer,trace
sagesse,wisdom
baiser,kiss
user,use
