Italian,English
e,and
non,not
che,that
di,Of
la,there
il,the
un,a
a,to
per,for
è,and
in,in
una,a
mi,me
sono,I am
ho,I have
si,yes
ha,has
ma,but
lo,the
cosa,what
con,with
no,no
le,the
ti,you
se,self
da,from
i,the
come,like
io,I
ci,there
hai,you have
questo,this
bene,Well
qui,here
sei,six
del,of the
tu,you
solo,alone
mio,my
al,to the
me,myself
tutto,everything
c',there
te,you
era,was
della,from the
mia,my
fatto,done
fare,Do
essere,to be
so,I know
quando,when
sì,Yes
ora,Now
lei,she
gli,the
ne,neither
oh,Oh
questa,this
detto,said
ok,ok
va,it goes
perche,because
quello,that
mai,never
alla,at the
o,or
anche,also
stato,state
abbiamo,we have
tutti,everyone
dei,of the
grazie,thank you
chi,who
sta,is
molto,very
più,more
voglio,I want
perché,Why
tuo,your
beh,well
sia,be
nel,in the
lui,he
allora,so
posso,I can
piu,more
ehi,hey
prima,first
tua,your
suo,his
niente,nothing
qualcosa,something
sai,you know
siamo,are
un',a
cosi,so
davvero,really
ancora,Still
hanno,they have
stai,you are
fa,does
sua,her
così,like this
casa,home
uno,one
dove,where is it
su,up
vero,real
vuoi,you want
noi,we
due,two
quindi,so
dire,to say
d',d '
delle,of the
quella,that
sempre,always
altro,other
sto,this
andare,to go
ad,to
po,little
loro,They
devo,I must
quel,that
forse,maybe
li,there
proprio,own
certo,Certain
tempo,time
nella,in the
poi,then
vi,you
credo,I believe
vita,life
cose,what's this
sul,on the
quanto,how much
puoi,you can
fuori,outside
anni,years
cui,which
andiamo,let's go
dell',of
parte,part
visto,seen
qualcuno,someone
all',at
lavoro,Work
voi,you
ciao,Hello
dio,God
volta,time
dopo,after
adesso,now
stata,was
uomo,man
padre,father
devi,you have to
bisogno,need
gia,already
amico,friend
ed,and
posto,place
nessuno,nobody
via,Street
cos',so
fai,do
signore,man
meglio,better
cazzo,fuck
dai,come on
dal,from
vuole,wants
sembra,it seems
giorno,day
ogni,Everything is fine
modo,way
senza,without
vedere,see
dobbiamo,we have to
signor,Mr
qualche,some
dispiace,sorry
penso,I think
ecco,there
parlare,speak
tra,between
mamma,mum
già,already
sarebbe,would be
dalla,from the
troppo,too
fosse,is
possiamo,we can
ce,there is
nuovo,new
male,bad
madre,mother
avete,you have
tanto,much
favore,favor
successo,success
vai,Go
sulla,on the
giusto,right
sa,know
miei,my
aspetta,wait
avere,have
altra,other
farlo,to do it
alle,to
facendo,doing
abbia,have
momento,moment
ero,was
aveva,I had
ragazzi,lads
deve,needs to
persone,people
nostro,our
tipo,guy
prego,You are welcome
grande,great
può,can
senti,feel
appena,just
potrebbe,could be
soldi,money
dice,He says
sapere,know
tre,three
oggi,today
questi,these
piace,like it
idea,idea
siete,you are
ai,to the
avevo,I had
figlio,son
accordo,agreement
gente,people
sicuro,safe
vieni,Come
degli,of the
guarda,look
dentro,inside
trovato,found it
queste,these
caso,case
forza,force
dov',where to
tutte,all
pensi,think
signora,Mrs
faccio,I do
nome,first name
avuto,had
problema,problem
altri,other
puo,can he
aver,have
mondo,world
tutta,all
preso,taken
nulla,nothing
nostra,our
donna,woman
stare,to stay
basta,enough
insieme,together
faccia,face
ragazza,girl
subito,immediately
famiglia,family
ragazzo,boy
volevo,I wanted
okay,okay
sentito,heard
ah,Ah
stesso,same
ragione,reason
sarà,Sara
tuoi,your
capito,understood
notte,night
volte,times
testa,head
serve,serve
tesoro,treasure
sotto,under
eh,eh
suoi,his
vado,I'm going
sara,will be
dato,given
stiamo,we are
bella,pretty
scusa,excuse me
erano,they were
pensavo,I thought
avrei,I would have
prendere,to take
buona,good
porta,brings
bello,nice
moglie,wife
vorrei,I would like
storia,history
succede,It happens
morto,died
cercando,looking for
dici,you say
persona,person
pronto,ready
meno,less
dovuto,due
avanti,come on
capisco,I understand
secondo,according to
venire,come
polizia,police
lì,there
avrebbe,it would have
stanno,they are
mentre,while
letto,read
fino,until
dico,I say
amici,friends
fine,end
aiuto,Help
paura,fear
fratello,brother
stavo,I was
uomini,men
nell',in the'
domani,tomorrow
facciamo,we do
abbastanza,enough
capo,boss
amore,love
nei,in the
ucciso,killed
state,state
piano,plan
macchina,machine
trovare,to find
comunque,Anyway
vediamo,we see
giorni,days
nemmeno,neither
mano,but no
dall',from
presto,soon
stati,States
merda,shit
far,do
bambino,baby
andato,left
vedo,I see
tornare,return
quelle,those
cio,that is
primo,first
vostro,your
neanche,not even
sera,evening
giro,round
morte,death
e',and'
qua,here
pensato,thought
buon,good
anno,year
mie,my
diavolo,devil
quasi,almost
piacere,pleasure
bel,nice
dovrei,should I
nessun,no
contro,versus
stessa,same
felice,happy
colpa,guilt
punto,point
andata,outward
dovrebbe,it should
vedi,you see
quale,which
chiesto,asked
invece,instead
perchè,why
migliore,improve
nostri,our
finito,finished
figlia,daughter
dovresti,you should
papa,Pope
almeno,at least
sento,I feel
quei,those
col,with the
ore,hours
passato,past
magari,let's hope
minuti,minutes
terra,earth
vostra,your
strada,Street
sola,lonely
credi,believe
importante,important
sue,his
salve,Hello
settimana,week
perso,lost
uscire,go out
parlato,spoken
papà,Pope
stasera,this evening
scusi,excuse me
dollari,dollars
occhi,eyes
mani,hands
ultima,last
possibile,possible
scuola,school
significa,it means
sapevo,I knew
nelle,in
potrei,I could
stava,was
bambini,children
eri,you was
importa,it matters
indietro,backwards
riesco,I can
sangue,blood
chiama,who loves
messo,put
piccolo,small
traduzione,translation
tardi,late
cuore,heart
marito,husband
viene,he comes
venuto,coming
ieri,yesterday
spero,I hope
ricordi,memories
quelli,those
dovremmo,we should
lasciato,left
ascolta,listens
difficile,hard
quell',that'
auto,car
chiamato,called
ciò,that is
altre,other
parlando,speaking
pensare,think
fantastico,fantastic
fatta,made
numero,number
veramente,truly
fanno,do
com',as
serio,serious
possa,can
fossi,dive
entrare,to come in
anch',too
qualsiasi,any
pensa,thinks
dicendo,saying
acqua,water
portato,brought
stanza,room
problemi,problems
forte,strong
nessuna,none
lascia,leaves
amo,love you
roba,stuff
agente,agent
dietro,behind
corpo,body
pare,it seems
sentire,to feel
foto,photo
telefono,telephone
voleva,He wanted
poco,little
prendi,you take
piccola,small
vicino,near
quest',this
sacco,sack
stia,stia
capire,to understand
potuto,could
cinque,five
strano,strange
tue,your
andando,going
donne,women
sappiamo,we know
bravo,good boy
ragazze,girls
festa,party
senso,sense
genere,type
quattro,four
dare,give
attimo,moment
sorella,sister
pure,mashed potato
probabilmente,probably
film,movie
parla,speak out
ufficio,office
verso,to
mesi,months
farti,make you
unica,only
morire,die
signorina,Miss
vecchio,old
domanda,request
ben,well
guerra,war
dottore,doctor
conosco,I know
qual,that
vivere,to live
vista,view
prova,he tries
nuova,new
ricordo,I remember
divertente,fun
avessi,had
sicura,safe
paio,pair
conto,bill
perdere,lose
dimmi,tell me
farmi,make me
figli,children
mezzo,half
lavorare,work
unico,one of a kind
esattamente,exactly
squadra,squad
esatto,exact
possono,can
fate,you do
faro,lighthouse
sapete,you know
dottor,Doctor
parola,word
piedi,feet
sopra,above
motivo,reason
avevi,you had
cavolo,cabbage
capitano,captain
finita,finite
volete,you want
siano,they are
potresti,you could
gioco,game
perfetto,perfect
be,be
mente,mind
mangiare,to eat
resto,rest
credere,to believe
fortuna,fortune
tratta,deals with
chiamo,call
morta,dead
là,there
entrambi,both of them
avresti,you would have
passare,to pass
cena,dinner
the,tea
sarei,I would be
controllo,control
affari,business
spiace,unpleasant
ultimo,last
facile,easy
farò,lighthouse
buongiorno,good morning
davanti,front
tizio,guy
dammi,give me
sicurezza,safety
dalle,give her
quanti,how many
dica,say
matrimonio,marriage
john,John
vogliono,want
molti,many
culo,ass
fuoco,fire
cercare,search for
pistola,pistol
potremmo,we could
re,king
mandato,mandate
puttana,whore
negli,in
cioe,that is
inizio,Start
saranno,they will be
causa,it causes
voglia,wants
mettere,put
fammi,do for me
uccidere,kill
vogliamo,we want
faremo,we will do
però,However
genitori,parents
sesso,sex
potete,you can
ricevuto,Roger that
vivo,I live
presidente,president
città,city
citta,city
succedendo,succeeding
ospedale,hospital
fu,was
agli,to
scritto,written
smettila,stop that
vada,go
attenzione,Attention
sulle,on
bere,drinking
situazione,situation
omicidio,homocide
revisione,revision
avesse,had
ottimo,Optimal
cura,treatment
durante,during
provato,tried
parole,words
lasciare,to leave
dicono,they say
new,new
prossima,next
nostre,our
arrivato,arrived
paese,country
sull',on
andate,go
chiunque,whoever
capisci,Do you understand
pace,peace
immagino,I imagine
musica,music
tieni,keep
oddio,oh God
jack,jack
libro,book
eravamo,we were
amica,friend
diventare,become
sui,on
sbagliato,mistaken
dirmi,tell me
wow,wow
farai,you will do
entra,come in
venuta,coming
scelta,choice
voluto,wanted
portare,bring
assolutamente,absolutely
molte,many
chiedo,I ask
torna,back
scoperto,discovered
fatti,facts
settimane,weeks
dirlo,be
alcuni,some
prigione,prison
giornata,day
piuttosto,rather
buono,good
aspettare,wait
parli,you speak
arrivare,get
lungo,long
vede,see
avvocato,lawyer
deciso,decided
sarai,you will be
messaggio,message
dormire,to sleep
dieci,ten
stupido,stupid
usare,use
dello,of the
cielo,sky
guardare,to look
bagno,bath
aria,air
voce,voice
tornato,got back
vuol,vuol
giù,below
conosci,you know
benissimo,Very well
prendo,I take
verita,truth
cane,dog
restare,remain
chiamare,to call
poter,being able
campo,field
luce,light
sam,Sam
qualunque,any
giovane,young
signori,gentlemen
fra,between
provare,try
minuto,minute
saperlo,know it
lontano,distant
gruppo,group
continua,keep on
arrivo,I arrive
gran,large
realta,reality
cerca,near
passo,step
domande,requests
insomma,in short
bambina,child
pensando,think
capelli,hair
trova,find
onore,honor
aiutare,to help
verità,truth
prove,evidence
n',n '
funziona,it works
alto,tall
giu,below
credevo,I believed
futuro,future
preoccuparti,worry
idiota,idiot
cibo,food
fretta,rush
cara,Dear
finalmente,finally
morti,death
odio,hate
solito,usual
brava,good
é,and
incidente,accident
allo,at the
dev',DE
intenzione,intention
speciale,special
cambiare,to change
vera,real
camera,room
oltre,beyond
semplice,simple
dirti,tell you
riguardo,regard
finche,as long as
aspetto,appearance
viaggio,travel
chiaro,clear
chiamata,call
bocca,mouth
permesso,permit
piacerebbe,would like to
dovete,you have to
giocare,play
ordine,order
circa,about
ovviamente,obviously
finire,finish
piu',more'
natale,Christmas
i',the'
direi,I'd say
vostri,your
occhio,eye
pronta,ready
scusami,I'm sorry
mattina,morning
cercato,looked for
crede,you think
sistema,system
york,York
fondo,background
resta,remain
devono,must
prossimo,next
pronti,ready
saputo,known
scusate,excuse me
potere,candies
milioni,millions
soltanto,only
armi,weapons
arriva,he arrives
fermo,stopped
mese,month
chiedere,ask
cristo,Christ
torno,back
venite,come
controllare,to check
appuntamento,appointment
s,s
chiami,who do you Love
vecchia,old
detective,detective
pero,However
metti,you put
grado,grade
vanno,they go
nave,ship
iniziato,started
perche',because'
informazioni,information
libero,free
stronzo,asshole
grandi,big
pezzo,piece
segreto,secret
colpo,blow
faceva,he did
piacciono,like
porto,port
oppure,or
completamente,completely
vederti,see you
lista,list
venga,come
veloce,fast
assassino,killer
sapeva,He knew
finché,as long as
tom,Tom
ormai,at this point
interessa,interest
generale,general
giusta,right
tenere,to keep
pazzo,crazy
vittima,victim
giuro,I swear
consiglio,Advice
michael,Michael
alcune,some
semplicemente,simply
zio,uncle
centro,center
specie,species
mille,one thousand
sogno,dream
lasci,leave
carino,cute
doveva,where you go
brutto,ugly
nello,in
aspetti,aspect
incredibile,incredible
sole,Sun
glielo,it
legge,law
spesso,often
guardate,watch
cambiato,changed
scena,scene
volevi,you wanted
charlie,Charlie
lasciami,leave me
gentile,gentle
rispetto,respect
ve,ve
fara,will make
zitto,Shut up
incontro,meeting
farà,will make
servono,need
rapporto,relationship
errore,mistake
mike,Mike
sanno,they know
pagare,to pay
sorpresa,surprise
occhiata,look
risposta,reply
presa,socket
servizio,service
medico,doctor
usato,used
hey,Hey
caro,Dear
schifo,disgust
avrai,you will have
dolore,ache
saresti,would you be
personale,personnel
quali,Which
saro,I'll be
peggio,worse
addio,goodbye
addosso,on
dovevo,I had to
poteva,he could
pieno,full
diverso,different
vestiti,clothes
sparato,shot
realtà,reality
do,do
sarò,I'll be
normale,normal
fame,hunger
programma,program
nonna,Grandmother
sappia,know
sembrava,It seemed
migliori,best
notizie,news
avevamo,we had
riesci,are able
posizione,position
vengo,I come
rimanere,to remain
compagnia,company
proposito,purpose
farci,make us
joe,Joe
ricorda,remember
frank,Frank
prende,takes
tante,many
avevano,they had
arrivando,arriving
chiuso,closed
terribile,terrible
ritardo,delay
attento,watch out
bar,Cafe
sembri,you look
fallo,just do it
dimenticato,forgotten
bisogna,need
impossibile,impossible
cioè,that is
studio,study
stessi,same
arma,weapon
conosce,know
uscita,exit
ii,II
fin,fin
disse,She said
david,David
vattene,get out
quante,how much it is
guai,trouble
intorno,environment
video,video
manca,lacks
esserci,there
grosso,big
tanti,many
dolce,sweet
chiave,key
cervello,brain
coraggio,courage
interessante,Interesting
peccato,Sin
questione,question
adoro,I adore
aereo,airplane
guardi,look
rubato,stolen
sala,room
base,basis
peter,Peter
george,George
sette,seven
sente,feel
compleanno,birthday
potrebbero,they might
relazione,relation
cliente,customer
spalle,shoulders
seconda,second
parti,set off
vale,vale
qualcun,someone
diritto,right
sicuramente,surely
appartamento,flat
pranzo,lunch
saremo,we will be
denaro,money
riuscito,succeeded
continuare,to continue
serata,evening
nero,black
vestito,dress
carta,paper
ex,former
dottoressa,doctor
bastardo,Bastard
potevo,I could
iniziare,to start
lavora,work
otto,eight
conosciuto,known
zona,area
stavi,be
intendo,I mean
negozio,shop
trovo,I find
aspettando,waiting for
partita,match
tv,TV
spazio,space
andra,andra
notizia,news
tempi,time
linea,line
james,james
riguarda,regard
soli,suns
parliamo,let's talk
uh,uh
poliziotto,policeman
scappare,to run away
fronte,front
vinto,won
averlo,have it
tranquillo,calm
silenzio,silence
andati,gone
fossero,they were
simile,similar
pezzi,pieces
calma,calm
santo,holy
ricerca,Research
pena,penalty
aspettate,wait
stesse,same
esiste,exists
scoprire,discover
altrimenti,otherwise
diceva,he said
luogo,place
lettera,letter
vive,lives
salvare,to save
canzone,song
vengono,they come
pubblico,public
senta,feel
corso,course
henry,Henry
regalo,gift
sentite,hear
rimasto,left
lavorando,work
né,neither
scherzando,joking
stamattina,This morning
missione,mission
test,test
salute,health
farebbe,would do
scelto,choice
dura,tough
computer,computer
stupida,stupid
avremmo,we would have
aiutarti,help you
contatto,contact
pericolo,danger
entro,within
parlo,I speak
alex,Alex
freddo,cold
triste,sad
promesso,promised
esercito,army
america,America
ultimi,last
trovi,find
dunque,so
guardia,guard
jane,jane
infatti,indeed
possibilita,possibility
intendi,you mean
fbi,FBI
casino,casino
buonanotte,good night
caccia,hunting
gay,gay
arrivata,arrived
lavori,jobs
max,max
certamente,surely
regole,rules
vostre,your
dovrai,you will have to
secondi,second
ballo,dance
ascoltami,listen to me
birra,beer
ovunque,everywhere
club,club
paul,Paul
arrivati,arrival
governo,government
bellissima,beautiful
oro,gold
duro,hard
cucina,kitchen
decisione,decision
anima,soul
forma,form
tornata,back
esempio,example
incontrato,encountered
occasione,occasion
stanotte,tonight
porti,port
droga,drug
possibilità,possibility
cellulare,cell phone
necessario,necessary
avremo,we'll have
ferma,stop
borsa,bag
prometto,I promise
palle,balls
nonno,not no
piena,full
attacco,attack
dagli,from
affatto,at all
colpito,hit
salvato,saved
siediti,sit down
reale,real
comprare,buy
inferno,hell
parlarne,talk about it
diciamo,let's say
regina,Queen
carina,nice
aperto,open
brutta,ugly
braccio,arm
fermati,stop
stavamo,we were
crimine,crime
andrà,will go
chiesa,church
effetti,effect
tenente,lieutenant
sapevi,you knew
scrivere,write
scommetto,I bet
paziente,patient
scarpe,shoes
danny,Danny
livello,level
fermi,firm
ia,ia
lunga,long
mentito,lies
viva,Viva
spettacolo,show
usa,use
visita,visit
alcun,any
sarah,Sarah
precedenti,previous
diventato,become
mica,not
sinistra,left
percio,thus
processo,process
mare,sea
direttore,director
intelligente,intelligent
mary,Mary
rende,Rende
comprato,bought
classe,class
ehm,uh
cambio,exchange
scorsa,last
farla,do it
bianco,White
tavolo,table
stagione,season
dite,of you
nick,nick
dannazione,damnation
cavallo,horse
sergente,sergeant
incinta,pregnant
rotto,Broken
aiuti,aid
episodio,episode
rispondere,reply
contento,happy
conoscere,know
inglese,English
volo,fly
attraverso,through
riesce,he succeeds
differenza,difference
apri,you open
passi,steps
uscito,released
coi,with
codice,code
lato,side
hotel,hotel
maggiore,greater
farsi,be
uniti,united
trovata,gimmick
eccolo,there he is
carne,meat
lavorato,worked
star,star
umano,human
certa,certain
miglior,best
averti,have you
de,de
pagato,paid
libera,free
avrà,will have
vorrebbe,he would
caldo,hot
pelle,leather
interno,internal
temo,fear
leggere,to read
comandante,commander
cerco,I search
avrebbero,they would have
pomeriggio,afternoon
documenti,papers
farei,I would do
giudice,judge
mostro,monster
destra,right
luna,moon
ringrazio,I thank
guardando,look at
pericoloso,dangerous
buone,good
affare,deal
figliolo,son
jake,Jake
vino,wine
passa,passage
presente,here I'm
ordini,orders
arrivederci,until we meet again
caffè,coffee
barca,boat
maledizione,curse
nuovi,new
vederlo,see him
lezione,lesson
intero,entire
dia,diamond
partire,leave
venuti,coming
sogni,dreams
chiedendo,ask
alta,high
nord,north
pensate,think
jimmy,Jimmy
parlarti,talk to you
perciò,therefore
congratulazioni,congratulations
data,date
sposato,married
gliel',him
sembrare,seem
treno,train
radio,radio
l,L
comune,common
cattivo,bad
imparato,learned
smettere,stop
ottima,Great
aiutarmi,help me
ama,loves
intera,full
responsabile,responsible
abbiano,have
lascio,I leave
farcela,do it
bomba,bomb
agenti,agents
belle,beautiful
m',m '
pochi,few
san,San
clienti,customers
periodo,period
energia,power
segno,sign
mangiato,ate
calmati,take it easy
chiudi,close
posti,places
accidenti,damn!
bellissimo,very beautiful
quegli,those
dovrebbero,they should
vivi,alive
speranza,hope
rischio,risk
caffe,coffee
rosso,red
soprattutto,mostly
combattere,fight
tocca,touches
operazione,operation
zia,aunt
sexy,sexy
gamba,leg
biglietto,ticket
pazza,crazy
ufficiale,official
vorresti,would you
vincere,win
gambe,legs
pressione,pressure
farle,make them
seguito,following
nascosto,hidden
maestro,master
fantastica,fantastic
benvenuto,welcome
and,and and
sarebbero,they would be
offerta,offering
ami,do you love
vite,lives
scherzo,joke
qualcos',something
finta,fake
testimone,witness
fratelli,brothers
banca,bank
aprire,to open
potesse,could
stronzate,bullshit
indirizzo,address
tale,such
ottenere,gain
potessi,could
jim,jim
esperienza,experience
portata,scope
messa,mass
steve,steve
piangere,to cry
bill,Bill
segreti,secrets
scorso,last
tony,Tony
lasciate,leave
andremo,we will go
sud,south
uccisa,killed
darmi,give me
torni,return
pianeta,planet
darti,give you
inoltre,furthermore
serie,series
esci,you go out
ray,ray
vittime,victims
diversi,different
porca,porca
guida,guide
prezzo,price
strana,strange
arrabbiato,angry
vecchi,old
verrà,it will come
orribile,horrible
gesu,Jesus
ritorno,I come back
entrato,entered
animali,animals
enorme,huge
metto,put
harry,Harry
passaggio,ride
imparare,learn
progetto,project
danno,damage
naturalmente,naturally
colpevole,guilty
ragazzino,little boy
metri,meters
tommy,Tommy
chiavi,keys
mossa,move
finestra,window
suppongo,I presume
destino,destiny
molta,a lot of
saltare,jump
correre,to run
frega,free
edificio,building
colazione,Breakfast
collo,neck
difesa,defence
diro,I will say
vicini,neighbors
fiducia,trust
aiutato,helper
maggior,greatest
avermi,have me
saprei,I know
capisce,understand
ristorante,restaurant
nomi,names
laboratorio,laboratory
scegliere,to choose
comando,command
chiedi,ask
arte,art
meta,half
discorso,speech
nove,nine
avra,Avra
segnale,signal
perfetta,perfect
fortunato,lucky
libri,books
carriera,career
blu,blue
cominciare,begin
muro,Wall
will,Will
tranne,except
bob,bob
proteggere,to protect
prendendo,taking
dubbio,doubt
dati,data
stazione,station
emergenza,emergency
giustizia,justice
immediatamente,immediately
odore,odor
umani,humans
college,college
ascolti,you listen
contrario,opposite
terzo,third
preoccupare,worry
locale,local
mette,put
faranno,they will do
battaglia,battle
aiutarla,help her
diverse,different
notato,noted
chiamate,calls
sceriffo,sheriff
sembrano,they seem
evitare,avoid
spirito,spirit
seduto,sitting
bianca,white
ryan,Ryan
lingua,language
dipartimento,department
controllato,controlled
massimo,maximum
praticamente,practically
riunione,meeting
po',little'
rumore,noise
torta,cake
guardami,watch me
dirò,I will say
accanto,next to
eroe,hero
turno,shift
piccoli,little ones
entrambe,both
dovremo,we will have to
potrai,you can
londra,London
vedrai,you will see
punti,points
fiori,flowers
vederla,see her
persino,even
ovvio,obvious
furgone,van
amy,Amy
coppia,couple
ridere,laugh
inizia,it begins
pausa,break time
billy,Billy
grave,serious
vedete,you see
memoria,memory
dovevi,you had to
aiutami,help me
tranquilla,calm
cosi',so'
naso,nose
andava,he went
nemico,enemy
mangia,he eats
chiudere,to close
felici,happy
colonnello,colonel
palla,ball
giovani,young
richard,Richard
nuove,new
costa,it costs
laggiù,over there
lee,Lee
scatola,box
torniamo,we return
albero,tree
you,Youu
tribunale,court
razza,race
anello,ring
prenda,take
idee,ideas
piede,feet
ferita,wound
ferito,wound
cerchi,rim
preoccupato,worried
verra,it will come
sentimenti,feelings
arresto,arrest
project,project
averla,have it
dà,from
soldato,soldier
natura,nature
cominciato,started
inutile,useless
casi,cases
prendiamo,we take
colore,color
basso,low
uso,use
don,Don
anzi,rather
storie,stories
digli,say to Him
daniel,Daniel
preferito,favorite
dirle,give them
utile,useful
cattiva,bad
cani,dog
sparare,shoot
parigi,Paris
diventa,becomes
chiamano,they call
ascoltare,to listen
kevin,Kevin
decidere,to decide
professore,professor
fidanzato,fiancé
sensazione,sensation
andartene,go
legale,legal
carte,cards
compito,task
srt,SRT
stronza,bitch
contenta,content
provi,try
los,los
corte,court
tengo,I keep
pesce,fish
pensano,they think
johnny,Johnny
obiettivo,objective
incontrare,encounter
nato,born
visti,visas
show,show
conta,count
accesso,access
breve,brief
risolvere,solve
isola,island
povero,poor man
stavolta,this time
mark,Mark
affrontare,face
poliziotti,policemen
opera,Opera
anna,Anna
buoni,good
ballare,dance
bacio,kiss
resti,remains
funzionato,worked
bordo,edge
sbaglio,I err
giochi,games
verde,green
saremmo,we would be
aperta,open
improvviso,sudden
continui,continuous
fianco,flank
alzati,get up
accettare,to accept
metà,half
continuo,continuous
peso,weight
piaciuto,liked
stile,style
corsa,race
entrata,ticket
soluzione,solution
maria,Maria
fanculo,fuck you
contratto,contract
arrabbiata,angry
fermare,to stop
retro,back
meraviglioso,wonderful
guidare,Drive
denti,teeth
mandare,send
fidati,trust me
sveglia,Wake Up
tiene,hold
ultimamente,lately
creato,created
prendermi,take me
kate,Kate
dipende,depends
innocente,innocent
scopo,scope
coltello,knife
chris,Chris
fila,line
magia,magic
effetto,effect
procuratore,prosecutor
ricordare,to remember
smesso,stopped
dna,DNA
vendere,to sell
pantaloni,trousers
miss,Miss
centrale,central
azione,action
principe,prince
cadavere,dead body
chiusa,closed
fede,faith
nipote,grandson
andro,I will go
soldati,soldiers
conti,accounts
finisce,ends
stavano,they were
riuscita,successful
troveremo,we will find
stampa,press
of,of
assistente,assistant
ognuno,each one
robert,Robert
debole,weak
risultati,results
ridicolo,ridiculous
sii,Yay
vaffanculo,fuck
andarci,go there
adam,Adam
dirtelo,tell you
grandioso,great
americano,American
gesù,Jesus
francese,French
chiederti,ask for
faresti,would you do
taxi,Taxi
sottotitoli,subtitles
creare,create
peggiore,worse
bevuto,drunk
rimasta,left
angolo,corner
latte,milk
buio,dark
siate,be
malattia,illness
gatto,cat
suona,it sounds
troviamo,we find
brian,Brian
estate,summer
scomparsa,disappearance
fargli,make him
risposto,replied
condizioni,conditions
muoviti,move
charles,Charles
angeles,Angeles
fiume,river
schiena,back
sindaco,mayor
nonostante,despite
reso,made
campagna,countryside
andrai,you will go
tenuto,hold
paga,pay
seguire,follow
cerchiamo,we seek
scott,Scott
coglione,asshole
rachel,Rachel
bobby,Bobby
dettagli,details
chiaramente,clearly
rispondi,reply
capace,to be able
distrutto,destroyed
forze,Strength
importanza,importance
debba,owes
importanti,important
particolare,particular
stanco,tired out
piani,plans
mantenere,to keep
piaceva,liked
richiesta,request
parecchio,quite a lot of
dando,giving
principale,principal
rose,rose
insegnato,taught
faccenda,affair
vento,wind
immaginare,to imagine
dimenticare,forget
matto,crazy
convinto,convinced
rovinato,ruined
campione,sample
buonasera,good evening
braccia,arm
laggiu,laggiu
decisamente,decidedly
washington,Washington
usando,using
provando,trying
momenti,moments
sbagliata,wrong
andrò,I will go
pensarci,think about it
mercato,market
valore,value
sbrigati,hurry up
salire,go out
drink,drink
riuscire,to be able to
spiegare,to explain
principessa,princess
provo,I try
avro,avorus
attenta,careful
zitta,shut up
eddie,Eddie
andy,Andy
bellezza,beauty
prendete,take
tanta,so much
morendo,dying
rilassati,take it easy
buco,hole
conversazione,conversation
dover,have to
speravo,I hoped
attesa,wait
pensiero,thought
rimane,remains
benvenuti,welcome
conoscenza,knowledge
ponte,bridge
malato,ill
claire,Claire
sedia,chair
vedremo,we will see
omicidi,murders
walter,Walter
finale,the final
impronte,fingerprints
sistemare,tidy up
pensiamo,we think
emma,Emma
succedere,happen
avrò,I will have
emily,Emily
ghiaccio,ice
tracce,traces
bottiglia,bottle
accettato,accepted
indagine,investigation
pensava,he thought
passata,pass
super,super
eppure,but yet
fottuto,fuck
propria,proper
tiro,shot
cadere,fall
ll,ll
diversa,different
sguardo,gaze
perdita,lost
milione,million
camminare,walk
eccoci,here we are
dan,Dan
pratica,practice
americani,Americans
primi,first
villaggio,village
scuse,apologies
fantasma,ghost
trovarlo,find it
potevi,you could
preferisco,I rather
scusatemi,sorry
ispettore,inspector
teoria,theory
chiamami,Call me
dovere,duty
camion,truck
parco,park
palazzo,building
privato,private
dovreste,you should
troia,slut
chiede,asks
volessi,I wanted
purtroppo,unfortunately
eccola,here she is
preoccupata,worried
area,area
aspettavo,I was waiting for
prenderti,pick you up
accusa,accusation
crederci,believe it
martin,Martin
stelle,stars
direttamente,directly
ie,ie
aiuta,it helps
esserlo,be
voler,want
cento,one hundred
fidanzata,fiancée
andarmene,leave
seriamente,seriously
pista,track
terza,third
desiderio,wish
preoccupi,worry
mentendo,mind
ubriaco,drunk
angelo,angel
tradurre,to translate
luci,lights
popolo,people
case,houses
grace,grace
dita,fingers
vince,wins
infermiera,nurse
altezza,height
seduta,sitting
minaccia,threat
età,age
controlla,check it out
nazionale,national
genio,genius
caduto,fallen
corri,run
cinema,cinema
t,t
passati,past
tetto,roof
alcuna,no
stella,star
josh,josh
media,average
politica,politics
voci,voices
suono,sound
to,to
copertura,coverage
conosciamo,we know
vissuto,lived
piaci,like us
internet,Internet
eric,Eric
lettere,letters
occupato,busy
sposata,married
cancro,cancer
numeri,numbers
diamo,let's give
credimi,believe me
compagno,company
merito,merit
società,society
quand',when when
nient',nothing'
spada,spade
vedermi,see me
scendere,descend
pazienti,patient
kim,kim
dirgli,tell him
leggi,laws
cambia,change
facevo,I did
pete,pete
sentita,feeling
diventata,become
perfettamente,perfectly
ragazzina,little girl
bicchiere,glass
autobus,bus
dargli,give him
vuoto,empty
porte,doors
animale,animal
jason,Jason
azienda,agency
sabato,Saturday
pollo,chicken
spiaggia,beach
ordinato,ordered
rotta,route
dovesse,should
telefonata,phone call
thomas,Thomas
completo,full
lasciamo,we leave
entri,enter
liceo,Lyceum
rosa,rose
mezza,half
innamorato,fell in love
doccia,shower
guardato,watched
matt,matt
stanca,tired
arrestato,arrested
esce,goes out
date,at your place
venduto,sold
gara,competition
comincia,it starts
orologio,clock
eravate,was
fan,fan
erba,grass
viso,face
bevi,drink
metta,put
fece,did
ascoltate,listen
distanza,distance
alice,alice
maledetto,cursed
chiamarmi,call me
magnifico,magnificent
universo,universe
esame,examination
quartiere,Neighborhood
uccidermi,kill myself
andarsene,Leave
sposa,wife
partito,match
lascialo,leave him
strade,roads
cappello,hat
pagina,page
mostra,show
giardino,garden
intendevo,I meant
testimoni,witnesses
nera,Black
taglio,cut
velocemente,quickly
potente,powerful
killer,killer
potrà,can
muore,dies
segni,signs
paradiso,paradise
rabbia,anger
fuga,leak
biglietti,tickets
s',s'
toccare,touch
termine,term
collega,colleague
vittoria,victory
assurdo,absurd
mr,mr
giornale,newspaper
dimmelo,tell me
insegnante,teacher
annie,Annie
talento,talent
o',or'
spaventato,scared
naturale,natural
vicina,neighbor
coinvolto,involved
immagini,Images
figo,sounds cool
grossa,large
umana,Human
amiche,friends
girare,spin
seria,serious
corrente,current
libertà,freedom
rubare,steal
venendo,coming
doppio,double
immagine,image
certe,certain
conoscerti,to meet you
tantissimo,"very, very much"
allarme,alarm
ultime,last
militare,military
padrone,master
prenderlo,take it
arrivano,they arrive
azioni,actions
tipi,types
sveglio,I wake
mr.,mr.
amor,love
potremo,we can
preparato,prepared
direzione,direction
gratis,free
dito,finger
vendetta,vendetta
cantare,to sing
distruggere,to destroy
lasciata,left
funzionare,work
invitato,guest
chuck,chuck
regola,rule
servizi,services
luke,luke
zero,zero
ruolo,role
cavalli,horses
c,c
mattino,morning
pazzi,crazy people
funerale,funeral
dallo,from
ospiti,guests
ministro,minister
venti,winds
ottenuto,obtained
intende,intends
simon,Simon
abbiate,have
domenica,Sunday
tette,tits
sig.,Mr.
vorrà,will want
ted,ted
spia,indicator light
manda,almond
rimani,stay
partner,partner
dritto,straight ahead
presenza,presence
eta,age
abby,Abby
succedera,it will happen
son,they are
offerto,offered
atto,act
apprezzo,I appreciate
discutere,discuss
mentire,lie
gestire,handle
chilometri,kilometres
migliaia,thousands
sugli,on
lasciarmi,leave me
volevano,they wanted
street,street
guardati,look at yourself
domattina,Doma morning
lasciatemi,leave me
pensavi,thought
vacanza,vacation
nemici,enemies
medicina,medicine
speriamo,let's hope so
sali,salts
tira,pit
scappato,escaped
pur,even though
informazione,information
lucy,lucy
sposare,to marry
andarcene,leave
est,East
accaduto,incident
violenza,violence
articolo,item
crescere,to grow up
suonare,play
forti,strong
caduta,fall
calmo,calm
presi,taken
parlarle,talk to them
cugino,cousin
fossimo,be
messaggi,messages
famiglie,families
povera,poor
danni,damage
sentivo,felt
sospetto,suspected
guardie,guards
gira,ride
trappola,trap
dirai,you will say
starai,you will be
attenti,careful
diventando,becoming
criminale,criminal
lady,lady
giacca,jacket
unita,unit
rossa,red
dormito,slept
scomparso,disappeared
modi,ways
entrate,revenue
sarete,you will be
commesso,shop assistant
pugno,Punch
opinione,opinion
chiamava,he called
cresciuto,grown up
mal,bad
interesse,interest
laura,Laura
mettiamo,we put
bell',beautiful
sig,Mr
francia,France
ossa,bone
roma,Rome
carico,load
fastidio,nuisance
lisa,lisa
premio,prize
fermato,stopped
sopravvivere,to survive
studenti,students
battuta,joke
dappertutto,everywhere
dave,dave
tè,you
hank,Hank
profondo,deep
arrivi,Arrivals
cella,cell
finora,until now
membro,member
lupo,wolf
gas,gas
macchine,cars
risposte,answers
lotta,struggle
presento,present
piccole,small
mostri,monsters
moto,motorcycle
percento,percent
jeff,Jeff
vorra,will want
carl,Carl
colpi,shots
amicizia,friendship
diritti,rights
pulito,clean
protezione,protection
disturbo,I disturb
avranno,they will have
assieme,together
dicevo,I said
diretto,direct
pane,bread
pesante,heavy
city,City
park,park
aeroporto,airport
gloria,glory
scusarmi,excuse me
creduto,believed
risponde,respond
terapia,therapy
santa,holy
dirci,tell us
disastro,disaster
uova,egg
tirato,pulled
tenga,keep
sedere,sit
veri,real
preparare,prepare
versione,version
costruire,to build
rete,net
sean,Sean
potra,can
guardo,I look
puzza,bad smell
ricco,rich
ali,wings
sposati,married
gola,throat
fumo,smoke
crisi,crisis
dirmelo,tell me
raggiungere,reach
nervoso,nervous
minimo,minimum
persa,lost
traccia,trace
inghilterra,England
albergo,inn
tornate,come back
incendio,fire
falso,FALSE
dirglielo,tell him
ucciderlo,killing it
polvere,dust
chicago,Chicago
gioia,joy
fucile,rifle
maniera,way
william,William
sessuale,sexual
orecchie,ears
privata,private
tentativo,attempt
weekend,weekend
totale,total
poche,few
sicuri,safe
sentirmi,feel
aspettiamo,let's wait
svegliati,wake up
parlano,they talk
scherzi,jokes
trucco,trick
lord,lord
trovate,found
t',t '
dovevamo,we had to
nascondere,hide
aiutarci,help us
succederà,it will happen
rendere,give
urla,yell out
larry,Larry
calda,warm
aspettato,expected
dovessi,I had to
ambulanza,ambulance
superiore,superior
m,m
dean,dean
volare,fly
mancato,failure
perdono,pardon
errori,errors
proprietario,owner
piaccia,piaccia
raccontato,told
ospite,guest
dovro,I will have to
dovrò,I will have to
dillo,say that
poteri,powers
credito,credit
recente,recent
dovrà,will have to
pizza,Pizza
fatemi,make me
amato,beloved
kyle,kyle
telecamere,cameras
quarto,fourth
bravi,good
avessero,had
movimento,movement
regno,kingdom
volevamo,we wanted
stomaco,stomach
membri,members
licenziato,fired
preferirei,I'd rather
tirare,Pull
chiedevo,I asked
analisi,analyses
muoversi,move
merita,deserves
volesse,wanted
promessa,promise
capita,happen
farvi,make you
credete,do you believe
sissignore,sissignor
dannato,damned
phil,phil
baby,baby
bei,nice
assicuro,insurance
abbandonato,abandoned
facilmente,easily
scale,stairs
attorno,around
darò,I'll give
smetterla,stop
corpi,bodies
sospettato,suspected
mettendo,putting
puo',can he'
cinese,Chinese
verranno,they will come
imbarazzante,embarrassing
fonte,source
mancano,there are no
perdendo,losing
studiare,to study
divano,sofa
amante,lover
risultato,result
accuse,accusations
jerry,Jerry
societa,society
neppure,not even
bloccato,blocked
avessimo,we had
tornati,back
scrivania,writing desk
complicato,complicated
louis,Louis
pavimento,flooring
tolto,taken out
mila,thousands
famoso,famous
desideri,desires
lily,Lily
traffico,traffic
avrete,you will have
eccoti,here you are
contare,to count
cia,Central Intelligence Agency
prestito,loan
potreste,you could
solamente,only
chissà,maybe
sorriso,smile
sentiamo,we feel
lavorava,worked
ferite,wounds
proiettile,bullet
motore,motor
specialmente,especially
posta,mail
darle,give them
lontana,distant
file,file
ingresso,entrance
riuscivo,I could
respira,Breathe
mettiti,put yourself
fido,trusted
nate,nate
roger,Roger
lasciati,left
piatto,plate
folle,crazy
proposta,proposal
rapporti,relationships
tuttavia,however
cazzate,bullshits
affascinante,fascinating
virus,virus
liberta,freedom
simili,similar
jenny,Jenny
carter,crankcase
prenderla,pick her up
bugie,lies
clark,Clark
prese,cottage
sterline,pound
trovarmi,find me
frattempo,in the meantime
leo,leo
banda,band
esplosione,explosion
alan,Alan
calcio,soccer
ricerche,research
lago,the needle
barry,Barry
ascolto,I listen
teatro,theater
riusciamo,we succeed
ladro,thief
spaventata,frightened
compagni,companions
facciamolo,let's do it
tentato,attempted
sorpreso,surprised
pioggia,rain
debito,debt
occhiali,eyeglasses
conoscete,you know
taglia,cut
gary,Gary
resynch,resynch
pietra,Stone
uccello,bird
sito,site
maiale,pig
dubito,I doubt
parcheggio,parking area
serviva,needed
camicia,shirt
comportamento,behavior
comodo,comfortable
montagna,mountain
respirare,to breathe
uccisi,killed
bianchi,whites
seguendo,following
costruito,built
formaggio,cheese
kelly,Kelly
sparo,scraper
assunto,hired
uscite,exit
sapessi,I knew
facevi,you did
diretta,direct
averne,have
spazzatura,garbage
divorzio,divorce
innamorata,in love
tagliato,cut
maggie,Maggie
possano,can
fatte,making
tazza,mug
agenzia,agency
volto,face
morgan,Morgan
intervento,intervention
creda,believe
mucchio,pile
permettere,allow
salto,jump
team,team
rimasti,remained
puntate,episodes
pensieri,thoughts
taylor,taylor
soccorso,rescue
respiro,I breathe
giuria,jury
modello,template
panico,panic
darci,give us
giornali,newspapers
ombra,shadow
piscina,pool
marina,navy
ricordate,remember
portate,courses
tavola,table
mezz',half
trovarla,find it
carica,charge
salta,jump
pensione,pension
copia,copy
pilota,pilot
sorveglianza,surveillance
dichiarazione,declaration
costretto,forced
smetti,Stop
neri,black
limite,limit
portarlo,bring it up
bugia,lie
mettermi,put me
elizabeth,Elizabeth
centinaia,hundreds
affitto,rent
appartiene,belongs
idioti,idiots
evento,event
bugiardo,you liar
governatore,governor
riusciti,successful
venne,came
sé,self
daro,I'll give
dono,gift
amanda,amanda
moda,fashion
petto,chest
custodia,custody
dovra,due
farne,make them
impressione,impression
strega,witch
jackson,Jackson
coso,thing
malata,patient
dimostrare,show
terreno,ground
tradito,betrayed
neve,snow
veniva,came
impegnato,engaged
portando,bringing
interessi,interest
vorrai,you will want
speciali,special
odia,he hates
molly,Molly
portarti,take you
ragioni,reasons
gelato,ice cream
perfino,even
spara,shoot
lentamente,slowly
metterti,put you
vergogna,shame
adorabile,adorable
iniziamo,let's begin
chloe,chloe
castello,castle
medici,doctors
pazienza,patience
organizzato,organized
sonno,sleep
trovati,found
colleghi,Colleagues
toccato,touched
malapena,barefoot
nota,Note
tornando,return
conoscerla,know her
maschio,male
ascoltando,listening
mostrato,shown
karen,Karen
festeggiare,celebrate
indovinare,to guess
liberi,free
attaccato,attached
togliere,remove
risolto,Resolved
sporco,dirty
pari,even
passate,pass
sentirti,feel
voti,votes
passando,passing
complimenti,compliments
nathan,Nathan
miracolo,miracle
epoca,era
vicenda,affair
divertimento,fun
meriti,merits
volere,want
troppe,too many
anticipo,advance
lezioni,lessons
giocando,playing
rapina,robbery
cercavo,I was looking for
parlava,he spoke
nazione,nation
band,band
argomento,subject
sbagli,mistake
artista,artist
california,California
pillole,pills
facessi,I did
firmato,signed
alba,Sunrise
telecamera,camera
auguri,congratulations
stupidi,stupid
fase,phase
abito,suit
suicidio,suicide
uguale,equal
julia,Julia
preoccupa,worry
meravigliosa,marvelous
ginocchio,knee
galera,jail
ride,laughs
alberi,trees
veloci,fast
familiare,familiar
interessato,interested
feste,parties
troppi,too many
positivo,positive
muovetevi,move
andiamocene,let's leave
diamine,heck
sparire,to disappear
invito,Invitation
onesto,honest
fuggire,run away
portami,bring me
punta,tip
victor,Victor
tenerlo,keep him
università,university
fortunata,lucky
usciamo,let's go out
stara,stara
patrick,Patrick
provarci,try
bosco,woods
patto,pact
sale,salt
ovest,west
bestia,beast
presenta,present
socio,partner
susan,Susan
personalmente,personally
magazzino,warehouse
b,b
commissione,commission
coloro,those
sullo,on the
coach,coach
bastardi,bastards
vantaggio,advantage
spese,expenses
mezzanotte,midnight
contanti,cash
morale,moral
avvocati,lawyers
caspita,woh
tim,Tim
fallito,failed
indossare,wear
occupo,occupy
esperto,expert
pensaci,think about it
onda,wave
rendi,make them
preciso,accurate
andrebbe,it would go
saltato,jump
fondi,funds
firmare,to sign
totalmente,totally
incubo,nightmare
babbo,dad
fattoria,farm
presenti,present
senatore,senator
conosciuti,known
tasca,pocket
secolo,century
cima,top
avendo,having
corridoio,corridor
bersaglio,target
parlarmi,speak to me
vedono,they see
sorelle,sisters
chili,kilos
superare,exceed
esistono,exist
eccellente,excellent
originale,original
muoverti,move
stammi,stamme
sopportare,to bear
sparito,disappeared
probabile,likely
lasciala,let her
credono,believe
jones,jones
km,km
n,n
greg,Greg
riposo,rest
indovina,guess what
diverte,amuse
esterno,external
stan,all
muovere,move
smith,Smith
concerto,concert
yo,Yo
buttato,thrown
clinica,clinic
champagne,Champagne
maestà,majesty
episodi,episodes
sir,Sir
troverai,you will find
tecnologia,technology
scappa,escape
firma,signature
americana,American
oliver,Oliver
calmi,calm
riposare,rest
furto,theft
vendita,sale
togliti,take off
dormi,sleep
criminali,criminals
carcere,prison
voto,vote
rock,rock
tyler,Tyler
arthur,Arthur
tomba,tomb
legame,bond
mostrare,to exhibit
mancanza,lack
single,single
materiale,material
facesse,made
ln,LN
superato,overcome
passeggiata,stroll
impazzire,go crazy
amen,amen
lasciarlo,let him
opportunità,chance
causato,caused
lasciarti,leave you
follia,folly
attività,activities
dirvi,tell you
messi,messenger
trovarti,find you
divertiti,have fun
leader,leader
football,football
unità,unit
personali,personal
charlotte,Charlotte
supporto,support
tratti,strokes
medicine,medicine
derek,Derek
giornalista,Journalist
dorme,he is sleeping
scala,stairs
aiutarvi,help you
opportunita,chance
scienza,science
costume,costume
rompere,break
pò,little
scendi,get off
episode,episode
sembro,I look
uccide,kills
rischi,risks
conseguenze,aftermath
passione,passion
cercate,look for
olivia,Olivia
autista,driver
d,d
essermi,be
terry,Terry
coscienza,consciousness
discussione,discussion
beccato,caught
profilo,profile
prete,priest
sinceramente,sincerely
vorremmo,we would like to
elena,Elena
gusto,taste
compiti,assignments
ross,Ross
europa,Europe
esca,bait
tunnel,tunnel
attivita,activity
season,Season
cercano,seek
assicurazione,insurance
foresta,forest
robin,Robin
ucciderti,kill you
permette,allows
mappa,map
palco,stage
lieto,glad
confuso,confused
manchi,lack
filo,row
ripeto,I repeat
portarla,take her
howard,Howard
trattato,treatise
certi,certain
gioca,plays
figurati,forget about it
helen,Helen
fabbrica,factory
federale,federal
cieco,blind
responsabilità,responsibility
messico,Mexico
lancio,launch
titolo,title
motivi,reasons
assegno,check
tornerà,will come back
tizi,guy
belli,beautiful
van,van
grazia,grace
red,red
dicessi,I said
conosceva,He knew
sufficiente,sufficient
oscar,Oscar
farete,you will do
calci,kick
egli,they
istante,instant
pene,penis
amare,to love
lasciar,leave
sorta,kind
sincero,sincere
ammettere,to admit
retta,rectum
veda,see
pulire,to clean
uscendo,leaving
tempesta,storm
penny,penny
chiamiamo,we call
vice,vice
rebecca,Rebecca
trovano,they find
difficili,difficult
crediamo,we believe
jeremy,Jeremy
maschera,mask
visione,vision
cominciamo,let's start
nata,born
jo,Jo
reazione,reaction
cattivi,bad
dormendo,sleeping
eccomi,here I am
regali,gifts
sapesse,knew
oggetto,object
jay,Jay
vivono,they live
esco,I go out
jordan,Jordan
west,West
sport,sport
vederci,see us
sfortunatamente,unluckily
contatti,contacts
prendono,they take
sezione,section
my,My My
onestamente,honestly
segreta,secret
ascensore,lift
furono,they were
miglia,miles
rifugio,refuge
casey,casey
fiero,proud
spalla,shoulder
all,all
rischiare,to risk
profumo,perfume
coincidenza,coincidence
portarmi,bring me
alcol,alcohol
ricevere,receive
inventato,invented
impegno,I commit
brutte,ugly
zucchero,sugar
chiedermi,ask me
giudizio,judgment
spari,shooting
pochino,a little
personaggio,character
lacrime,tears
