Spanish,English
el/la,she
de,from
que,what
y,and
en,in
un,a
ser,to be
a,a
él,the
lo,it
no,not
su,his
haber,to have
con,with
por,for
para,for
mí,my
lo,it
tener,have
como,What
estar,to be
me,I
más,plus
este,East
le,you
hacer,to do
se,I know
yo,I
o,either
pero,but
decir,say
poder,can
ir,to go
ese,that
otro,other
si,Yeah
mi,me
ver,see
ya,Already
porque,because
mucho,a lot of
dar,give
muy,very
saber,know
sí,Yeah
año,year
ti,you
te,tea
también,also
qué,than
alguno,some
nos,us
tu,your
sin,without
mismo,same
eso,that
cuando,when
querer,want
vez,time
hasta,until
la,the
sobre,on
entre,Come in
dos,two
día,day
grande,great
así,So
pasar,happen
cosa,stuff
desde,since
deber,must
ella,she
pues,well
entonces,then
llegar,arrive
poco,little bit
nuestro,our
bien,good
ni,neither
tiempo,weather
ahora,now
primero,First
creer,to believe
donde,where
vida,lifetime
dejar,let
nada,any
tanto,so much
parecer,seem
hablar,to talk
poner,place
parte,part
eh,Hey
nuevo,new
sólo,single
siempre,forever
hombre,men
bueno,well
seguir,continue
quedar,stay
llevar,wear
encontrar,to find
bueno,well
tan,so
pensar,to think
casa,House
cada,each
persona,person
país,country
algo,something
esto,this
volver,return
usted,you
salir,go out
después,after
mejor,better
menos,less
venir,to come
forma,form
mujer,woman
momento,moment
llamar,to call
mundo,world
claro,Clear
mirar,watch
medios,media
mientras,While
conocer,know
aquel,that
aquí,here
aunque,though
quien,who
tomar,drink
tres,three
mano,hand
sentir,to feel
gente,people
cuándo,when
durante,during
hijo,child
tratar,try
vivir,to live
sino,otherwise
lugar,place
problema,issue
hacia,towards
presidente,President
cual,which
junto,together
luego,later
cómo,What
trabajo,worked
caso,case
mayor,higher
además,what's more
acercar,zoom in
esperar,expect
nunca,never
cierto,certain
hora,time
dónde,where
padre,dad
gustar,like
noche,evening
nosotros,us
casi,almost
hoy,today
tipo,type
ojo,eye
manera,way
importante,important
contar,count
niño,infant
trabajar,to work
empezar,begin
verdad,TRUE
contra,against
ciudad,city
buscar,seek
ahí,there
solo,only
fin,finish
propio,own
tú,your
gobierno,government
historia,history
ejemplo,example
último,latest
punto,point
antes,before
mil,one thousand
palabra,word
obra,construction site
existir,exist
perder,to lose
cuenta,bill
allí,over there
escribir,to write
cualquiera,anyone
grupo,cluster
señor,Sir
pequeño,short
embargo,embargo
agua,Water
realizar,realize
nadie,no one
entrar,get in
arte,art
leer,read
amigo,friend
recordar,remind
morir,To die
único,unique
lado,side
nombre,Name
recibir,to receive
pedir,ask for
permitir,let
preguntar,to ask
social,Social
sistema,system
tal,such
segundo,second
ante,in view of
viejo,old
madre,mother
siglo,century
nacional,national
entender,to understand
libro,book
alto,high or tall
cuerpo,body
familia,family
comenzar,begin
presentar,present
bajo,low
según,according to
frente,front
crear,create
tema,theme
cuatro,four
ah,ah
humano,human
pueblo,town
producir,produce
abrir,open
idea,idea
millón,million
sentar,sit
aún,still
caer,fall out
voz,voice
terminar,end up
oír,hear
cambiar,change
ninguno,none
considerar,to consider
político,political
tierra,land
realidad,reality
convertir,turn into
español,Spanish
igual,Same
todavía,yet
cabeza,head
derecho,right
mantener,hold
utilizar,use
calle,street
través,through
estado,condition
relación,relationship
sacar,take
puerta,gate
gracias,thank you
necesitar,need
resultar,result
luz,light
paso,He passed
general,general
escuchar,to listen
guerra,war
amor,love
cinco,five
situación,situation
conseguir,get
lograr,achieve
mes,month
quién,who
fuerza,force
ocurrir,to occure
aparecer,Appear
diferente,different
muerte,death
ganar,win
estudio,study
nivel,level
proceso,process
fuera,outside
largo,long
semana,week
partido,match
acabar,finish
explicar,explain
cuyo,whose
razón,reason
negro,black
bastante,pretty
efecto,effect
servicio,service
formar,to form
económico,economic
servir,to serve
allá,there
empresa,business
centro,center
usar,wear
tras,after
cambio,change
clase,class
distinto,distinct
animal,animal
hecho,done
número,number
dicho,saying
información,information
tocar,touch
ayudar,help
público,public
mostrar,to show
mas,further
estudiar,to study
hermano,brother
ley,law
sentido,sense
incluso,even
cara,expensive
principio,principle
programa,Program
música,music
traer,to bring
campo,countryside
correr,rush
actividad,exercise
quizás,maybe
alguien,someone
comer,eat
acuerdo,agreement
demás,the rest
siguiente,Next
ofrecer,to offer
poder,can
sociedad,society
levantar,get up
dios,God
jugar,play
época,epoch
color,color
zona,zone
malo,evil
comprar,purchase
necesario,necessary
camino,path
dinero,money
pie,foot
final,final
tampoco,neither
decidir,to decide
desarrollo,developing
movimiento,motion
alcanzar,attain
blanco,white
equipo,equipment
difícil,hard
desarrollar,develop
pronto,early
pagar,to pay
principal,major
proyecto,Project
valor,worth
meter,to put
realmente,Really
sol,sun
imagen,picture
cumplir,comply
varios,several
universidad,college
interés,interest
mayoría,most
dirigir,lead
ello,it
tarde,afternoon
papel,paper
producto,product
medio,medium
continuar,continue
modo,mode
rico,rich
ojalá,I wish
reconocer,recognize
aire,air
mañana,morning
dormir,to sleep
acción,action
pesar,weigh
establecer,establish
seguro,sure
vista,view
juego,play
subir,increase
intentar,attempt
personal,staff
fondo,background
descubrir,discover
olvidar,forget
experiencia,experience
incluir,include
condición,condition
edad,age
andar,walk
orden,order
mal,wrong
joven,young
escuela,school
uno,one
nacer,be born
posible,possible
aprender,learn
serie,Serie
dedicar,to dedicate
necesidad,need
suponer,suppose
aceptar,to accept
comprender,grasp
fuerte,strong
especial,special
iglesia,church
seis,six
obtener,get
ciento,hundred
falta,lack
política,politics
especie,species
real,real
cuál,which one
antiguo,ancient
gracia,funny
santo,holy
diez,ten
tercero,third
espacio,space
bajo,low
publicar,to post
población,population
aspecto,aspect
muchacho,young guy
tarde,afternoon
artículo,Article
cantidad,amount
sueño,sleep
posibilidad,possibility
echar,throw
internacional,international
responder,reply
boca,mouth
próximo,next
mover,move
menor,minor
cultura,culture
brazo,arm
uso,use
todo,all
libre,free
ser,to be
corazón,heart
línea,line
sitio,place
minuto,minute
señalar,point
mar,sea
carrera,career
base,base
suceder,happen
bajar,get low
éste,East
apenas,barely
mercado,market
respuesta,reply
atención,attention
educación,education
miedo,fear
pobre,poor
anterior,former
demasiado,too
evitar,to avoid
río,river
comentario,commentary
asegurar,ensure
actual,current
imaginar,To imagine
profesor,professor
resultado,Outcome
detener,having
solamente,only
sufrir,suffer
importar,to import
pregunta,Question
ocupar,occupy
señora,madam
representar,represent
investigación,research
repetir,to repeat
autor,Author
caminar,walk
gastos,bills
favor,favor
vos,you
silencio,silence
viaje,travel
natural,natural
cerrar,to close
resto,rest
comunidad,community
faltar,lack
mesa,desk
indicar,show
función,function
vender,sell
supuesto,supposed
libertad,Liberty
organización,organization
peso,weight
diferencia,difference
rojo,red
acordar,agree
ambos,both of them
elemento,element
seguridad,safety
cuestión,question
miembro,member
duda,doubt
desear,wish
película,film
dato,fact
región,region
sector,sector
militar,military
dentro,inside
iniciar,Start
destacar,highlight
compañero,companion
suelo,I usually
referir,refer
paz,peace
sangre,blood
observar,watch
precio,price
verdadero,TRUE
soler,to usually do
crecer,grow up
elegir,choose
francés,French
demostrar,show
oportunidad,chance
conocimiento,knowledge
producción,production
objeto,object
mirada,look
autoridad,authority
preparar,set up
valer,to worth
mundial,world
regresar,to return
significar,to mean
interesar,interest
matar,to kill
área,area
opinión,opinion
compartir,to share
cuánto,how much
capital,capital
cabo,cape
inglés,English
fácil,easy
partir,leave
lengua,language
curso,grade
mandar,send
término,finished
decisión,decision
dolor,pain
director,director
participar,take part
causa,cause
personaje,character
rostro,face
ocasión,chance
página,page
atrás,behind
llenar,fill in
esfuerzo,effort
maestro,teacher
siete,seven
enfermedad,disease
teatro,theater
acompañar,accompany
estilo,style
construir,build up
cama,bed
enseñar,to teach
cubrir,cover
siquiera,even
salud,Health
oficial,official
presencia,presence
interesante,interesting
ayer,Yesterday
central,central
comunicación,communication
cielo,sky
control,control
niña,girl
mal,wrong
norte,north
plan,plan
entregar,deliver
carta,letter
colegio,college
policía,policeman
llorar,cry
enorme,enormous
figura,figure
capacidad,ability
comentar,comment
orientar,guide
afirmar,say
calidad,quality
compañía,company
jamás,Never
fuente,fountain
ocho,eight
tamaño,size
materia,subject
doctor,doctor
capaz,able
dirección,direction
aumentar,increase
superior,superior
responsable,responsible
casar,marry
prueba,Test
mediante,through
cuarto,quarter
abierto,open
desaparecer,vanish
contrario,contrary
objetivo,target
obligar,obligate
julio,July
importancia,importance
sur,south
asunto,affair
medida,measure
energía,Energy
impuestos,taxes
apoyar,to support
posición,position
quitar,remove
contestar,answer
piel,skin
provocar,to provoke
alma,soul
acto,act
década,decade
mamá,breast
mío,Own
dólar,dollar
origen,origin
depender,depend
abandonar,Leave
fijar,pin up
profesional,professional
reír,laugh
lleno,full
tirar,throw
período,period
guardar,save
negocio,deal
material,material
arriba,up
gritar,shout out
médico,medical
domingo,Sunday
peor,worse
os,you
notar,notice
institución,institution
surgir,emerge
expresar,express
amar,to love
vestir,wear
físico,physical
cubano,Cuban
enviar,send
modelo,model
parar,stall
rey,king
éxito,success
constituir,make up
cuanto,how much
generar,generate
naturaleza,nature
preferir,to prefer
cultural,cultural
conjunto,set
dedo,finger
cantar,sing
futuro,future
proponer,propose
título,title
europeo,European
adelante,go ahead
suerte,lucky
pensamiento,thought
ventana,window
jefe,chief
chico,guy
banco,bank
ambiente,ambient
lanzar,launch
simplemente,simply
permanecer,stay
romper,break
local,local
novela,novel
extraño,weird
privado,private
ciencia,science
flor,flower
estructura,structure
duro,Lasted
común,common
pena,pain
red,grid
pieza,part
golpe,blow
economía,economy
árbol,tree
literatura,literature
defender,defend
cuidar,look after
informar,report
texto,text
elección,choice
cortar,cut
fecha,date
especialmente,especially
profundo,deep
conocido,acquaintance
unir,join
alemán,German
actuar,Act
salvar,save
aplicar,Apply
extranjero,Foreign
respecto,regard
entrada,entrance
planta,plant
hija,daughter
negar,deny
recuerdo,memory
avanzar,advance
consecuencia,consequence
piedra,stone
costar,Cost
pierna,leg
funcionar,function
pared,wall
motivo,reason
deseo,wish
suficiente,enough
ropa,clothes
abuela,Grandma
ayuda,help
anunciar,announce
reunir,meet
disponer,provide
abajo,below
sostener,hold
popular,popular
precisamente,precisely
visitar,to visit
construcción,building
contener,contain
estudiante,student
fiesta,party
lucha,struggle
metro,meter
mañana,morning
rato,little while
colocar,place
oscuro,Dark
sombra,shadow
expresión,expression
separar,pull apart
plaza,square
vivo,alive
vecino,neighbour
pretender,pretend
isla,island
azul,blue
verde,green
carácter,character
viento,wind
cruzar,Cross
completo,complete
artista,artist
contacto,Contact
veinte,twenty
invitar,invite
religioso,religious
cargo,position
nación,nation
ministro,Minister
televisión,TV
determinado,certain
memoria,memory
recoger,pick up
treinta,thirty
histórico,historical
extender,to extend
espíritu,spirit
lejos,far
mitad,half
actitud,attitude
solución,solution
público,public
basar,base
totalmente,completely
total,total
sala,room
acerca,about
par,pair
apoyo,support
territorio,territory
loco,crazy
mensaje,message
unidad,Unit
mexicano,Mexican
práctica,practice
teoría,theory
preocupar,worry
cuento,tale
exigir,demand
mejorar,improve
serio,I laughed
edificio,building
técnica,technique
noticia,News
carne,meat
moderno,modern
alumno,student
oro,Prayed
escritor,writer
papá,potato
teléfono,telephone
resolver,sort out
concepto,concept
interior,inside
rápido,Quick
crisis,crisis
civil,civil
pelo,hair
formación,training
simple,simple
comercial,commercial
riesgo,risk
imponer,impose
fundamental,fundamental
amplio,large
afectar,affect
foto,Photo
reducir,reduce
fuego,fire
aprovechar,take advantage of
celebrar,celebrate
error,mistake
perro,dog
piso,floor
gusto,taste
bonito,pretty
medir,to size
pareja,couple
despertar,wake
pesar,weigh
costa,coast
enfrentar,deal
corresponder,correspond
escapar,escape
causar,cause
grave,serious
viajar,travel
cámara,camera
vía,via
ejército,army
comida,meal
caballo,horse
feliz,Merry
mayo,May
plata,silver
visita,visit
rodear,surround
adquirir,acquire
consejo,tip
responsabilidad,responsibility
hoja,leaf
encuentro,meeting
arma,weapon
alejar,Ward off
revista,magazine
pertenecer,to belong
debido,due
agregar,add
trabajador,employee
generación,generation
ciudadano,citizen
propiedad,property
gesto,gesture
blog,Blog
departamento,department
agosto,August
pasado,last
radio,radio
emplear,use
máximo,maximum
sorprender,to surprise
detalle,detail
puro,pure
disfrutar,to enjoy
barrio,neighborhood
sentimiento,feeling
espalda,back
fe,faith
distancia,distance
calor,heat
conciencia,awareness
reunión,meeting
finalmente,Finally
sonar,Dream
defensa,defending
justicia,Justice
cine,movies
existencia,existence
grado,degree
ganas,desire
plantear,pose
madera,wood
menudo,often
probar,try out
destino,destiny
café,coffee
contenido,content
cincuenta,fifty
pintura,paint
marido,husband
diario,diary
recorrer,travel
hallar,find
poseer,own
altura,height
pecho,chest
costumbre,custom
recién,newly
estrella,star
mente,mind
declarar,to declare
letra,letter
sonreír,smile
creación,creation
hermoso,handsome
advertir,warn
canción,song
método,method
república,republic
reforma,reform
lluvia,rain
esperanza,hope
tío,uncle
conversación,conversation
influencia,influence
nueve,nine
instante,instant
marcar,tick
controlar,check
tarea,task
documento,document
famoso,famous
conducir,to drive
prensa,press
normal,normal
coger,take
suyo,yours
tratamiento,treatment
conservar,keep
raro,rare
puesto,Market Stall
retirar,withdraw
exterior,Exterior
ay,Oh
acá,here
campaña,campaign
vuelta,lap
particular,particular
operación,operation
usuario,Username
industria,industry
cuadro,picture
alimento,food
jugador,player
frío,cold
crecimiento,increase
aplicación,app
organismo,organism
conflicto,conflict
optimista,optimistic
periódico,Newspaper
atender,attend
añadir,Add
directo,straight
impedir,prevent
cristiano,Christian
argentino,Argentinian
determinar,determine
ruido,noise
junio,june
frase,sentence
actualmente,at the moment
sensación,sensation
venta,sale
sonido,sound
característica,characteristic
cerca,near
instrumento,instrument
bello,beautiful
visión,sight
sonrisa,smile
factor,factor
tecnología,technology
convencer,convince
hospital,hospital
voluntad,Will
definir,define
organizar,organize
poeta,poet
corto,short
firmar,sign
versión,version
pleno,full
similar,Similary
labio,lip
tradición,tradition
cliente,customer
luchar,to struggle
abril,April
análisis,analysis
enemigo,enemy
científico,scientific
grito,scream
habitación,room
olor,smell
estadounidense,US
oficina,office
tranquilo,calm
caja,box
prestar,to loan
insistir,to insist
puerto,port
clásico,classic
superar,live through
identificar,to identify
juicio,judgment
exactamente,exactly
esposa,wife
sencillo,simple
beber,to drink
revolución,revolution
rosa,pink
comercio,Commerce
escena,scene
premio,prize
cuarenta,Fourty
enfermo,sick
superficie,surface
aquello,that
provincia,Province
absoluto,absolute
terreno,ground
respeto,respect
técnico,technical
violencia,violence
risa,laughter
mencionar,to mention
muerto,dead
numeroso,numerous
muchacha,girl
etapa,stage
proteger,protect
contemplar,contemplate
moral,moral
interno,internal
mínimo,minimum
instalar,to install
presente,Present
museo,museum
perfecto,perfect
ataque,attack
máquina,machine
durar,to last
paciente,patient
lenguaje,language
habitante,habitant
original,original
consistir,consist
labor,work
presión,Pressure
analizar,analyze
tono,tone
recuperar,recover
chica,girl
esconder,hide
prácticamente,practically
introducir,Introduce
individuo,individual
entero,whole
pegar,paste
cobrar,collect
circunstancia,circumstance
doce,twelve
verano,summer
encima,above
nota,note
velocidad,velocity
salida,exit
manifestar,manifest
italiano,Italian
hombro,shoulder
administración,administration
transformar,transform
recursos,resources
septiembre,september
matrimonio,marriage
familiar,familiar
dificultad,difficulty
víctima,victim
líder,Leader
básico,essential
equilibrar,balance
participación,stake
idioma,language
saltar,to jump
unión,Union
ejercicio,exercise
hotel,hotel
culpa,guilt
diciembre,December
inmediato,righ now
régimen,regime
juez,judge
beneficio,benefit
peligro,hazard
intención,intention
amiga,friend
enero,January
norma,rule
opción,option
americano,American
independiente,Independent
acceso,access
sábado,Saturday
vídeo,video
corte,court
manejar,handle
seco,dried
ordenar,tidy
completamente,completely
indio,Indian
caber,to fit
positivo,positive
lista,list
coche,car
respetar,respect
inversión,investment
directamente,directly
límite,limit
jardín,yard
placer,pleasure
patio,courtyard
encargar,to place an order
concluir,conclude
asistir,assist
cerrado,closed
encantar,love
literario,literary
seguramente,surely
tía,aunt
comienzo,start
lectura,reading
asumir,assume
componer,to compose
propósito,purpose
abogado,attorney
funcionario,official
hogar,home
cocina,kitchen
quince,fifteen
merecer,deserve
masa,mass
revelar,to reveal
reflejar,reflect
alegría,happiness
exponer,expose
tradicional,traditional
adecuado,appropriate
relacionar,relate
dominar,to dominate
pese,I weighed
británico,British
enterar,find out
fenómeno,freak
musical,musical
marzo,march
espejo,mirror
obstante,However
ejercer,exercise
periodista,journalist
ministerio,ministry
situar,place
género,gender
dueño,owner
luna,Moon
tender,to tend
octubre,October
concreto,concrete
plazo,term
hola,hello
terrible,terrible
recomendar,recommend
aprobar,Approve
incorporar,to incorporate
comisión,commission
bien,good
sexual,sexual
diverso,diverse
arrastrar,drag
acostumbrar,accustom
conmigo,with me
informe,report
congreso,congress
viernes,friday
cercano,near
disco,disk
hambre,hungry
eliminar,eliminate
declaración,declaration
web,Web
victoria,victory
propuesta,proposal
bastar,be enough
soñar,Sound
implicar,to imply
silla,chair
describir,to describe
marcha,March
impresión,Print
comunicar,communicate
marca,Mark
ritmo,swing
activo,active
robar,Steal
canal,channel
corriente,stream
poesía,poetry
destruir,destroy
reciente,recent
fundar,found
doble,double
tendencia,trend
vehículo,vehicle
temer,fear
aparte,apart
actualidad,present
solicitar,apply for
reacción,reaction
contribuir,contribute
sorpresa,surprise
envolver,to wrap
pérdida,lost
cuello,neck
compromiso,commitment
ángel,Angel
comprobar,check
rechazar,to refuse
cargar,load
raíz,root
integrar,to integrate
temperatura,temperature
señal,sign
financiero,financial
frecuencia,frequency
discutir,argue
banda,band
confirmar,confirm
transmitir,convey
arreglar,arrange
secretario,secretary
candidato,candidate
exposición,exposition
apuntar,point
daño,damage
club,club
atravesar,cross
novio,boyfriend
bailar,to dance
llamada,call
cruz,cross
punta,tip
juventud,youth
acaso,perhaps
pintar,to paint
industrial,industrial
torno,turnstile
lindo,cute
intelectual,intellectual
derecho,right
referencia,reference
sujeto,subject
despedir,say goodbye
religión,religion
probablemente,probably
baño,bathroom
enseñanza,teaching
pan,bread
aportar,contribute
vino,wine
demanda,demand
extraordinario,extraordinary
adoptar,adopt
desconocido,a stranger
chino,Chinese
fotografía,Photography
golpear,beat
izquierda,left
constante,constant
parque,park
introducción,introduction
temporada,season
denominar,name
dispuesto,ready
huir,flee
dirigente,leader
célula,cell
católico,Catholic
voto,vote
lector,reader
diente,tooth
debajo,below
papa,dad
requerir,require
universitario,academic
lunes,Monday
triste,sad
belleza,beauty
explicación,Explanation
filosofía,philosophy
desnudo,naked
limitar,limit
molestar,disturb
clave,clue
proporcionar,provide
regla,ruler
amarillo,yellow
líquido,liquid
cadena,string
barco,boat
dividir,split
marchar,to March
generalmente,usually
político,political
diseño,design
confianza,trust
legal,legal
escenario,scenery
general,general
específico,specific
extremo,extreme
intento,He tried
leche,milk
crítica,criticism
avión,plane
transporte,transportation
ventaja,advantage
artístico,artistic
someter,submit
estación,station
representante,representative
moda,fashion
entidad,entity
temor,fear
cometer,commit
competencia,competence
eléctrico,electric
distinguir,distinguish
afuera,outside
aumento,increase
federal,federal
girar,spin
griego,Greek
imposible,impossible
febrero,february
regalar,give a present
interpretar,interpret
diario,diary
batalla,battle
consumo,consumption
protección,protection
vencer,beat
devolver,return
agradecer,to thank
occidental,western
poema,poem
encender,light
contrato,contract
lágrima,tear
noviembre,november
carga,burden
educativo,educational
arrancar,tear
doña,Mrs
inicio,beginning
citar,quote
oposición,opposition
marco,framework
médico,medical
bosque,forest
nombrar,to name
montar,mount
empleo,job
emoción,emotion
edición,edition
sumar,Add
primo,cousin
obligación,obligation
acudir,go
gestión,management
atrever,dare
concierto,concert
asociación,association
constitución,Constitution
imperio,empire
estrategia,strategy
prometer,pledge
preciso,accurate
sexo,sex
montaña,mountain
elevar,raise
diálogo,dialogue
correcto,Right
volar,to fly
inmediatamente,immediately
categoría,category
fútbol,football
romano,Roman
soldado,soldier
medicina,medicine
playa,beach
reino,kingdom
zapato,shoe
muestra,show
intenso,intense
absolutamente,absolutely
total,total
campesino,farmer
admitir,to admit
democracia,democracy
misión,mission
exacto,exactly
complejo,complex
tren,train
deporte,sport
secreto,secret
criterio,criterion
discurso,speech
agente,agent
fresco,cool
soledad,loneliness
planeta,planet
búsqueda,search
pasión,passion
nube,cloud
dudar,dude
dado,dice
aproximadamente,about
indígena,indigenous
atacar,attack
aclarar,clear out
perdonar,forgive
frontera,border
soportar,put up with
rápidamente,quickly
cabello,hair
justo,just
amistad,friendship
profesión,profession
copa,Cup
tienda,shop
gas,gas
evento,event
soltar,release
kilómetro,kilometer
círculo,circle
nervioso,nervous
salvo,except
atraer,Attract
callar,to silence
fiel,faithful
maravilloso,marvelous
vivienda,living place
mecanismo,mechanism
pago,I pay
comité,committee
preocupación,concern
hundir,to sink
actor,actor
inmenso,immense
cifra,figure
esquina,corner
municipio,municipality
conclusión,conclusion
trasladar,move
emitir,to emit
posterior,later
facultad,faculty
auto,auto
escaso,scarce
inventar,invent
excelente,Excellent
opinar,opine
disposición,provision
ajeno,unaffiliated
personalidad,personality
definitivo,definitive
intervenir,to intervene
humanidad,humanity
perseguir,to pursue
coincidir,coincide
nuevamente,again
rama,branch
instituto,Institute
herramienta,tool
grabar,Record
perfectamente,perfectly
avance,Advance
entrevista,interview
tardar,delay
vamos,we go
apartar,set aside
mezclar,Mix
volumen,volume
lento,slow
nariz,nose
investigar,investigate
peligroso,dangerous
derecha,right
adulto,adult
saludar,greet
techo,ceiling
moneda,coin
temprano,early
percibir,perceive
beso,kiss
bolsa,bag
fijo,permanent
aun,yet
lejano,far
vacío,empty
quinto,fifth
ingresar,get into
sesenta,sixty
relato,story
ése,that
besar,kiss
publicación,publication
cerebro,brain
conferencia,conference
practicar,to practice
ingreso,entry
comparar,compare
evolución,evolution
falso,FALSE
droga,drug
promover,to promote
adentro,inside
universo,universe
llegada,arrival
registrar,to register
proceder,proceed
pájaro,bird
poderoso,powerful
vaso,glass
laboral,labor
colombiano,Colombian
biblioteca,library
consiguiente,consequent
alzar,raise
garantizar,guarantee
comportamiento,behaviour
plano,flat
ausencia,absence
electrónico,electronic
fase,phase
agarrar,grab
espectáculo,show
selección,selection
etcétera,and so on
oscuridad,darkness
intervención,intervention
arquitectura,architecture
procedimiento,process
doler,to hurt
animar,encourage
iniciativa,initiative
colección,collection
ámbito,ambit
confundir,confuse
químico,chemical
evidente,evident
democrático,democratic
correo,mail
unido,United
representación,representation
prohibir,ban
increíble,amazing
polvo,dust
delito,crime
ruso,Russian
saludo,greeting
ocultar,hide
quemar,burn
hueso,bone
jueves,Thursday
perspectiva,perspective
interrumpir,interrupt
tribunal,court
guardia,guard
confiar,rely
crédito,credit
principalmente,principally
valle,Valley
oído,ear
conducta,conduct
accidente,accident
compra,purchase
brindar,toast
modificar,Modify
debate,debate
facilitar,to ease
encerrar,enclose
acontecimiento,event
colgar,hang
ignorar,ignore
felicidad,happiness
arena,sand
mentira,lie
argumento,plot
clima,weather
lavar,wash
anciano,old man
influir,influence
gordo,Fat
sugerir,suggest
electoral,electoral
experimentar,to experience
reloj,watch
listo,clever
paisaje,scenery
norteamericano,North American
abrazar,hug
sección,section
traje,costume
independencia,independence
breve,brief
individual,individual
segundo,second
equivocar,wrong
investigador,investigator
normalmente,usually
vestido,dress
confesar,to confess
discusión,discussion
once,eleven
cristal,crystal
permanente,permanent
urbano,urban
gozar,enjoy
palacio,palace
infantil,childish
costo,cost
firma,signature
órgano,organ
limpio,cleansed
científico,scientific
acusar,to accuse
limpiar,clean up
privar,deprive
puente,bridge
signo,sign
tuyo,yours
carretera,road
orquesta,orchestra
hierro,iron
inteligencia,intelligence
salón,living room
femenino,female
ciclo,cycle
aparato,apparatus
dibujo,He drew
revolucionario,revolutionary
gato,cat
perdón,forgiveness
capítulo,chapter
cero,zero
deuda,debt
ilusión,delusion
honor,honor
oferta,offer
montón,lot
auténtico,authentic
capa,cap
vuelo,flight
resistir,resist
pasear,sightseeing
delante,in front
revisar,check
código,code
disminuir,diminish
habitual,usual
presentación,presentation
vuestro,your
descansar,to rest
nacimiento,birth
gris,grey
judío,Jewish
inútil,Useless
estimar,estimate
largo,long
posteriormente,later
absurdo,absurd
respirar,breathe
ubicar,locate
dominio,domain
eterno,eternal
presupuesto,budget
división,division
metal,metal
efectivo,cash
apretar,to tight
resistencia,endurance
acceder,to access
operar,operate
empleado,employee
variar,to vary
previo,previous
aventura,adventure
capitán,captain
otorgar,grant
precioso,beautiful
asimismo,in addition
fino,fine
humo,smoke
apagar,to turn off
consultar,Consult
justo,just
enamorar,fall in love
borde,edge
aparición,appearance
regreso,he came back
reclamar,claim
obrero,worker
escalera,ladder
cura,healing
universal,universal
latino,Latin
suave,gentle
efectivamente,effectively
judicial,judicial
amenazar,threaten
motor,engine
acostar,lay down
arrojar,throw
triunfo,triumph
brillante,shiny
vacío,empty
bolsillo,pocket
negativo,negative
repente,Suddenly
identidad,identity
alrededor,around
plato,plate
municipal,municipal
caliente,hot
curioso,curious
gasto,spent
invierno,winter
pantalón,trousers
variedad,variety
miércoles,Wednesday
impulsar,boost
cansado,tired
figurar,figure
consumir,consume
instalación,facility
cuidado,careful
reina,Queen
experto,expert
asomar,show
apreciar,to appreciate
riqueza,wealth
votar,vote
rincón,corner
curiosidad,curiosity
partida,departure
naturalmente,naturally
mental,mental
agencia,agency
actuación,performance
tasa,rate
manifestación,manifestation
busca,search
rodilla,knee
convenir,agree
interpretación,interpretation
diputado,deputy
lentamente,slowly
empresario,entrepreneur
ruta,route
empujar,Push
destinar,be assigned
pintor,painter
criticar,criticize
archivo,"File, Archive"
caracterizar,characterize
pantalla,screen
llave,key
sucio,dirty
ánimo,cheer up
conversar,discuss
carro,car
alimentar,feed
tremendo,tremendous
dulce,sweet
armar,to assemble
consciente,aware
impacto,impact
roca,stone
contemporáneo,contemporary
gastar,to spend
cola,line
crítico,critical
columna,column
escala,scale
humor,humor
esencial,essential
camisa,shirt
muro,Wall
rueda,wheel
sustancia,substance
testigo,witness
botella,bottle
aguantar,put up with
estatal,state
comunista,communist
denunciar,report
fumar,to smoke
descender,descend
ejecutar,run
inclinar,tilt
chileno,Chilean
acariciar,to caress
espiritual,spiritual
justificar,justify
entorno,setting
húmedo,humid
sustituir,replace
verdaderamente,truly
llamado,called
amenaza,threat
jornada,working day
únicamente,only
perdido,lost
rayo,lightning
preferible,preferable
potencia,power
conformar,shape
semejante,similar
vidrio,glass
imaginación,imagination
oración,sentence
sobrevivir,survive
reflexión,reflection
pelear,fight
corredor,runner
relativo,relative
esposo,husband
fruto,fruit
gloria,glory
dimensión,dimension
correspondiente,correspondent
escoger,choose
externo,external
violento,violent
junta,meeting
familiar,familiar
claro,Clear
conforme,according
fruta,fruit
protagonista,protagonist
tropa,troop
descubrimiento,discovery
sacerdote,priest
ligero,light
avenida,avenue
reconocimiento,recognition
respectar,respect
típico,typical
excepción,exception
ingeniero,engineer
pobreza,poverty
bar,Pub
setenta,seventy
significativo,significant
fabricar,manufacture
quejar,complain
procurar,to procure
cariño,affection
lucir,look
débil,weak
calcular,calculate
oler,smell
contento,happy
continente,continent
conceder,grant
anual,annual
alcance,scope
monte,mountain
ceder,give
peseta,peseta
jurídico,legal
tarjeta,card
temblar,tremble
colonia,Suburb
sano,healthy
plástico,plastic
registro,Registration
combinar,combine
firme,sign
condenar,condemn
ochenta,eighty
liberar,release
tensión,strain
divino,divine
herida,wound
sesión,session
conectar,connect
evidentemente,evidently
oh,Oh
fila,line
contexto,context
hilo,thread
vergüenza,shame
administrativo,administrative
engañar,scam
raza,race
cáncer,cancer
juntar,put together
caída,drop
regalo,present
castellano,Spanish
angustia,distress
elaborar,elaborate
pronunciar,to pronounce
templo,temple
peruano,Peruvian
tristeza,sadness
huevo,egg
ala,to
novia,girlfriend
agradable,pleasant
socialista,socialist
cultivo,crop
juzgar,judge
suma,addition
cita,appointment
completar,to complete
resolución,resolution
examen,test
patrón,Pattern
azúcar,sugar
distribución,distribution
composición,composition
diseñar,Design
alcalde,mayor
facilidad,ease
inferior,lower
convocar,convene
fracaso,failure
infancia,childhood
habilidad,skill
misterio,mystery
japonés,Japanese
solitario,lonely
adelantar,advance
justamente,justly
pecado,sin
orilla,bank
cotidiano,daily
pedazo,piece
símbolo,symbol
bebé,baby
incrementar,increase
primario,primary
efectuar,make
taller,workshop
ensayo,test
favorecer,favor
regional,regional
petróleo,Petroleum
traducir,to translate
continuo,continuous
boliviano,Bolivian
baile,dance
tiro,threw
dominicano,Dominican
cárcel,jail
detrás,behind
borrar,erase
secundario,secondary
carecer,lack
crimen,crime
liberal,liberal
canto,singing
disponible,available
coronel,colonel
invadir,encroach
oponer,oppose
deportivo,sports
caballero,Knight
sabio,wise
laboratorio,laboratory
oriental,Oriental
músico,musician
ampliar,enlarge
dama,lady
material,material
ciego,blind
oficio,job
frecuente,frequent
sede,campus
grueso,thick
gol,goal
concentrar,concentrate
tejido,knitting
rendir,yield
alternativa,alternative
claramente,clearly
renunciar,resign
anuncio,advertisement
encuesta,poll
admirar,admire
disparar,shoot
múltiple,multiple
alegre,cheerful
piano,piano
virtud,virtue
salto,jump
tela,cloth
ave,bird
asamblea,Assembly
permiso,permit
ancho,broad
mancha,stain
pata,paw
preparado,prepared
equilibrio,Balance
núcleo,nucleus
oreja,ear
asiento,seat
profundidad,depth
atractivo,attractive
jurar,swear
preparación,preparation
aceite,oil
árabe,Arab
distrito,district
Internet,Internet
cantante,singer
patria,homeland
león,Lion
sabor,taste
derivar,derive
definitivamente,definitely
global,global
atmósfera,atmosphere
reserva,booking
divertir,amuse
gobernar,govern
cuerda,rope
entrega,delivery
satisfacción,satisfaction
cadáver,corpse
ópera,Opera
magnífico,magnificent
brillar,shine
milagro,miracle
académico,academic
negociación,negotiation
paseo,ride
palma,palm
aprendizaje,learning
publicidad,advertising
meta,goal
impulso,impulse
acumular,accumulate
onda,vibe
llover,rain
invertir,to invest
definición,definition
madrugada,early morning
torre,tower
tabla,table
perfil,profile
práctico,practical
disciplina,discipline
móvil,mobile
notable,remarkable
especializado,specialized
significado,meaning
salario,salary
inicial,initial
criatura,creature
pista,clue
lago,lake
digno,worthy
rumbo,course
probable,likely
cigarrillo,cigarette
orgullo,pride
contratar,hire
instrucción,instruction
desempeñar,play
misa,mass
repartir,distribute
desconocer,ignore
corrupción,corruption
barato,cheap
asustar,frighten
pesado,heavy
inteligente,intelligent
padecer,suffer
mezcla,mixture
penetrar,penetrate
inspirar,inspire
adaptar,fit
colectivo,collective
agitar,shake
evidencia,evidence
finalizar,Finalize
automóvil,car
venezolano,Venezuelan
caro,expensive
episodio,episode
cuarto,quarter
recientemente,Recently
rasgo,feature
latinoamericano,Latin American
rezar,pray
concurso,contest
deber,must
elevado,high
odiar,hate
calificar,qualify
especialista,specialist
gobernador,governor
escritura,writing
concentración,concentration
promesa,promise
centrar,center
detectar,detect
cultivar,cultivate
fortuna,fortune
productor,producer
adivinar,guess
vosotros,you
síntoma,symptom
vital,vital
transcurrir,elapse
habitar,live
rumor,rumor
colaborar,to collaborate
observación,observation
amante,lover
odio,hatred
diablo,Devil
alianza,alliance
sed,thirst
extraer,extract
valorar,appreciate
sagrado,sacred
dibujar,to draw
fundación,Foundation
emprender,undertake
consulta,query
cinta,tape
posiblemente,possibly
creencia,belief
turno,turn
tráfico,traffic
compuesto,compound
sacudir,shake off
protesta,protest
abrazo,hug
igualmente,equally
desgracia,misfortune
funcionamiento,functioning
palo,stick
aéreo,aerial
fundamentalmente,fundamentally
cómodo,comfortable
reproducir,play
secar,dry off
lujo,luxury
delgado,thin
héroe,hero
silencioso,silent
consumidor,consumer
comprometer,engage
fiscal,fiscal
vela,candle
testimonio,testimony
estrecho,narrow
proteína,protein
locura,craziness
alegrar,gladden
sillón,armchair
tesis,thesis
íntimo,intimate
presidencial,presidential
adolescente,Teen
talento,talent
extensión,extension
distribuir,to distribute
satisfecho,satisfied
nuclear,nuclear
horizonte,horizon
recurrir,appeal
virgen,virgin
retrato,portrait
claridad,clarity
izquierdo,left
fórmula,formula
pelota,ball
existente,existing
precisar,specify
solucionar,sort out
alrededor,around
componente,component
dormitorio,bedroom
denuncia,complaint
fábrica,factory
respectivo,respective
toro,bull
prolongar,prolong
delicado,delicate
cerveza,beer
reaccionar,react
estómago,stomach
enterrar,bury
nieto,grandchild
dictar,dictate
sombrero,hat
creador,creator
técnico,technical
progreso,progress
academia,academy
vientre,belly
apariencia,appearance
alcohol,alcohol
sacrificio,sacrifice
danza,dance
compositor,composer
concepción,conception
seno,breast
terror,terror
bomba,bomb
seguro,sure
arquitecto,architect
entusiasmo,enthusiasm
desprender,detach
murmurar,murmur
adiós,goodbye
armado,armed
colaboración,collaboration
exceso,excess
liga,league
mapa,Map
ceremonia,ceremony
pasillo,hallway
inquietud,concern
agrícola,agricultural
ejecutivo,executive
limitado,limited
postura,position
presidencia,presidency
conservador,conservative
proyectar,to project
paquete,package
margen,margin
camión,truck
creciente,growing
guía,guide
galería,Gallery
conexión,Connection
agotar,exhaust
prender,turn on
dispositivo,device
organizado,organized
verso,verse
bañar,bath
abarcar,encompass
fantasía,fantasy
establecimiento,establishment
complicado,complicated
mueble,piece of furniture
dieta,diet
trato,deal
leyenda,legend
borracho,drunk
vengar,avenge
soviético,Soviet
señorita,miss
huella,paw print
corregir,to correct
suspender,lay off
media,half
legislativo,legislative
fallar,fail
intensidad,intensity
paciencia,patience
derrota,defeat
garganta,throat
favorito,favorite
ambiental,environmental
concebir,conceive
misterioso,mysterious
evaluación,evaluation
mejilla,cheek
garantía,warranty
clavar,to nail
vocación,vocation
combatir,fight
seleccionar,select
tragedia,tragedy
promedio,average
feo,ugly
mando,command
infinito,infinite
titular,headline
pálido,Pale
oculto,hidden
tonto,fool
transformación,transformation
circular,circular
satisfacer,satisfy
provenir,stem
lógico,logical
herido,injured
fácilmente,easily
inclusive,inclusive
ideal,ideal
alterar,alter
computadora,computer
gota,gout
sudor,sweat
virus,virus
escritorio,desk
habla,speaks
personalmente,personally
dignidad,dignity
profundamente,deeply
tecnológico,technological
broma,joke
maravilla,Wonderful
característico,characteristic
esencia,essence
transportar,transport
estallar,burst
socio,partner
conquistar,to conquer
nocturno,night
enlace,link
mierda,shit
catorce,fourteen
apertura,opening
desesperado,desperate
constitucional,constitutional
formal,formal
oeste,West
obedecer,obey
sentencia,judgment
acomodar,accommodate
sólido,solid
sobrar,SOBRAR
guiar,guide
nave,ship
interesado,interested
ola,wave
porcentaje,percentage
localizar,to locate
visitante,visitor
explotar,blow
sueldo,salary
eficaz,effective
descanso,break
expulsar,expel
hábito,habit
euro,euro
avisar,warn
pasaje,passage
espectador,viewer
promoción,promotion
costado,side stand
doctrina,doctrine
exportación,export
anteriormente,previously
defecto,flaw
preocupado,worried
bandera,flag
agricultura,farming
pisar,step
curar,cure
corona,crown
doblar,Bend
gubernamental,governmental
partícula,particle
extremo,extreme
atrapar,trap
ascender,ascend
sospechar,suspect
comparación,comparison
noventa,ninety
cesar,cease
eco,echo
escolar,school
parlamento,parliament
regular,regular
divertido,funny
desierto,desert
novedad,novelty
incremento,increase
foro,forum
redondo,round
castigo,punishment
abordar,approach
boda,wedding
castigar,punish
prisa,rush
civilización,civilization
tragar,swallow
depósito,Deposit
basura,trash
escándalo,scandal
tranquilidad,tranquillity
conveniencia,convenience
genético,genetic
combinación,combination
liberación,release
pintado,painted
biblia,Bible
digital,digital
llanto,crying
mentir,to lie
sindicato,labor union
aeropuerto,airport
fallecer,die
vegetal,vegetable
lamentar,to regret
desplazar,displace
beneficiar,benefit
complicar,Complicate
marino,Marine
rabia,Rage
fantástico,fantastic
escultura,sculpture
manejo,driving
combate,combat
incapaz,unable
difundir,spread
tumba,grave
exclusivo,exclusive
multitud,crew
aspirar,Aspire
evaluar,evaluate
suelto,loose
contigo,with you
fantasma,ghost
copia,copy
agudo,sharp
violar,rape
mágico,magical
procedente,As appropriate
horrible,horrible
doméstico,domestic
horario,schedule
calentar,to warm
depositar,to deposit
conquista,conquest
flotar,float up
exclusivamente,exclusively
parecer,seem
despierto,awake
reto,challenge
ridículo,ridiculous
desastre,disaster
utilización,utilization
requisito,requirement
originar,originate
encabezar,lead
optar,to opt
extenso,extensive
gen,Gen
índice,index
dorado,golden
cena,Dinner
consideración,consideration
plataforma,platform
castillo,castle
semilla,seed
rural,rural
miseria,misery
turismo,sightseeing
humilde,humble
vendedor,seller
té,tea
supremo,supreme
examinar,review
orientación,orientation
relativamente,relatively
varón,male
visible,visible
productivo,productive
cerro,closed
reflexionar,reflect
muñeca,wrist
diferenciar,differentiate
huelga,strike
reducción,reduction
seguidor,follower
residencia,home
instancia,instance
sierra,Mountain range
asesinar,murder
seguida,followed
propietario,owner
autónomo,autonomous
lección,lesson
reemplazar,replace
apellido,surname
alimentación,feeding
uña,nail
proporción,proportion
docente,teacher
estadio,stadium
oriente,East
auxiliar,assistant
filósofo,philosopher
cansar,tire out
torneo,tournament
sufrimiento,suffering
eje,axis
captar,capture
vincular,link
amanecer,dawn
preso,prisoner
inaugurar,inaugurate
descargar,to download
remedio,remedy
estúpido,idiot
comprensión,comprehension
bienestar,wellness
comedor,dining room
humedad,humidity
realización,realization
reflejo,reflection
jaja,LOL
cortina,curtain
pluma,feather
solicitud,application
embarazo,pregnancy
océano,ocean
recuperación,Recovery
deslizar,slide
noble,noble
maldecir,to curse
constar,record
grasa,grease
forzar,force
estancia,stay
prisión,prison
sábana,bed sheet
asesinato,murder
protestar,to protest
criar,breed
fama,fame
especializar,specialize
ordenador,computer
mito,myth
expansión,expansion
metálico,metal
lástima,pity
logro,achievement
horror,horror
deshacer,undo
derrotar,defeat
lógica,logic
colega,colleague
aislado,isolated
restaurante,restaurant
valioso,valuable
mineral,mineral
cálculo,calculation
recorrido,tour
vacaciones,Vacations
mandato,mandate
veinticinco,twenty-five
incendio,fire
conductor,driver
artificial,artificial
mediodía,midday
guerrero,Warrior
hielo,ice
audiencia,audience
posesión,possession
emperador,emperor
asignar,assign
educar,educate
mero,Mere
prever,foresee
involucrar,involve
expectativa,expectation
homenaje,tribute
gratuito,gratuitous
policial,Police
ejecución,performance
entrabar,entrust
barra,bar
designar,appoint
aparentemente,apparently
pico,beak
tormenta,storm
herencia,inheritance
ejecutivo,executive
picar,sting
estimular,to stimulate
mortal,mortal
aliento,breath
iluminar,to illuminate
exclamar,exclaim
sencillamente,simply
solar,solar
catedral,Cathedral
impresionar,impress
príncipe,the prince
pensión,pension
coro,chorus
pelea,Fight
bloque,block
renovar,renew
dictadura,dictatorship
orgulloso,proud
cuchillo,knife
longitud,length
joder,fuck
agujero,hole
masivo,massive
anotar,annotate
doloroso,painful
sumamente,extremely
hacienda,tax authorities
romántico,Romantic
constantemente,constantly
trece,thirteen
opuesto,opposite
destrucción,destruction
pariente,relative
brotar,to sprout
guitarra,guitar
inmóvil,still
amable,kind
separación,separation
grabación,recording
fingir,pretend
celebración,celebration
necesariamente,necessarily
calma,Calm down
descripción,description
músculo,muscle
dependencia,dependence
rendimiento,performance
cuadra,block
recomendación,recommendation
impresionante,Awesome
medicamento,medicine
asistencia,attendance
rogar,pray
fiebre,fever
aproximar,approximate
respiración,breathing
explotación,exploitation
despacho,office
clasificar,sort out
dieciocho,eighteen
emocional,emotional
voluntario,volunteer
brasileño,Brazilian
enfrentamiento,confrontation
primavera,spring
imprimir,print
cintura,waist
adicional,additional
experimento,experiment
ajustar,To adjust
mediado,mediated
elegante,Elegant
falda,skirt
defensor,advocate
sensible,sensitive
ansiedad,anxiety
operativo,Operational
competir,compete
proclamar,proclaim
orgánico,organic
excesivo,excessive
motivar,to motivate
infierno,hell
excepto,except
infección,infection
ciudadanía,citizenship
intercambio,exchange
poético,poetic
barba,beard
hueco,hole
modificación,modification
cooperación,cooperation
resaltar,highlight
aconsejar,advise
patrimonio,heritage
tapar,cover
masculino,male
selva,jungle
asociado,associate
esquema,scheme
cansancio,tiredness
aporte,input
panorama,panorama
cuero,leather
vaca,cow
primitivo,primitive
tronco,trunk
integración,integration
privilegio,privilege
especialidad,specialty
musulmán,Muslim
ahogar,drown
totalidad,whole
abundante,abundant
infraestructura,infrastructure
administrar,manage
bebida,beverage
enfoque,focus
sensibilidad,sensitivity
revés,reverse
cumplimiento,compliance
particularmente,in particular
feria,fair
avanzado,advanced
evolucionar,evolve
uniforme,uniform
brillo,bright
limitación,limitation
decreto,decree
vigilar,look out
reducido,reduced
ternura,tenderness
fortalecer,strengthen
lesión,injury
trozo,piece
imitar,imitate
desesperación,despair
tabaco,tobacco
ejemplar,copy
culto,worship
petición,petition
exhibir,to exhibit
morder,to bite
psicológico,psychological
mina,mine
gigante,huge
bola,ball
telefónico,telephone
campeón,champion
tesoro,treasure
rival,rival
traducción,translation
enfocar,focus
turista,tourist
barro,mud
culpable,guilty
comandante,commander
definido,definite
variable,variable
noticias,news
absorber,absorb
porqué,why
multiplicar,multiply
pendiente,earring
coalición,coalition
copiar,copy
caña,cane
presa,prey
desafío,challenge
encendido,switched on
seda,silk
consenso,consensus
obispo,bishop
localidad,location
chocar,crash
radical,radical
ligar,flirt
sonoro,sonorous
exigencia,requirement
variación,variation
cierre,closing
últimamente,lately
conveniente,convenient
don,Don
pasajero,passenger
nervio,nerve
rodar,roll
clasificación,classification
biológico,biological
fragmento,fragment
rubio,blond
sembrar,sow
combustible,gas
extrañar,miss
igualdad,equality
enseguida,right away
violación,violation
apostar,bet
servidor,server
fomentar,foment
utilidad,utility
luminoso,bright
duración,duration
demonio,devil
acoger,embrace
maduro,ripe
villa,town
convicción,conviction
severo,severe
difusión,diffusion
subrayar,underline
arroz,rice
emisión,issue
criminal,criminal
flujo,flow
calmar,to calm
almuerzo,lunch
transmisión,transmission
titular,headline
genial,brilliant
estirar,to stretch
afirmación,affirmation
cualidad,quality
cuestionar,question
perfume,fragrance
abandonado,abandoned
anoche,last night
senador,senator
abuso,abuse
legislación,legislation
suceso,event
anillo,ring
penal,penal
esclavo,slave
negociar,negotiate
aroma,smell
proseguir,pursue
remoto,remote
penumbra,gloom
espectacular,spectacular
prestigio,prestige
ilegal,illegal
drama,drama
averiguar,to find out
aguardar,wait
ficción,fiction
doscientos,Two Hundred
programar,program
corriente,stream
sobrino,nephew
residir,reside
carcajada,laugh
convocatoria,announcement
naranja,orange
pozo,water well
debilidad,weakness
rescatar,rescue
aviso,warning
ocupación,occupation
cruel,cruel
certeza,certainty
ácido,acid
detallar,detail
kilo,kilo
leve,mild
cumbre,summit
licencia,license
asociar,associate
interminable,endless
secretaría,Secretary
pacto,covenant
anécdota,anecdote
placa,license plate
explosión,burst
creativo,creative
formato,Format
emergencia,emergency
barrera,barrier
estrenar,release
convenio,agreement
olvido,forgot
cajón,drawer
amo,love
cementerio,cemetery
obviamente,obviously
portar,carry
integral,integral
chiste,joke
ruina,ruin
empresarial,Business
molécula,molecule
editar,Edit
confusión,confusion
ayuntamiento,town hall
genio,genius
colonial,colonial
terrestre,land
charlar,to chat
ángulo,angle
cable,wire
financiar,to finance
ingeniería,engineering
atribuir,attribute
sabiduría,wisdom
aburrir,bored
temporal,temporary
poblar,populate
lámpara,lamp
obstáculo,obstacle
almacén,store
maíz,corn
sargento,sergeant
inevitable,inevitable
presidir,preside
votación,vote
pesadilla,nightmare
toque,I touched
agenda,schedule
rechazo,rejection
mérito,merit
solidaridad,solidarity
billete,ticket
aprobación,approval
tibio,warm
reproducción,reproduction
grano,grain
paralelo,parallel
reforzar,beef up
mantenimiento,maintenance
invitación,invitation
