German,English
der,the
und,and
in,in
sein,be
ein,a
haben,to have
sie,you
werden,will
von,from
ich,I
nicht,Not
es,it
mit,with
sich,themselves
er,he
auf,on
für,for
auch,also
an,on
dass,that
zu,to
als,as
können,can
dies,this
wie,how
wir,we
ihr,your
so,so
bei,at
sein,be
aber,but
man,one
noch,still
nach,after
oder,or
all,Alles
aus,out
was,What
nur,only
sagen,say
dann,then
wenn,if
müssen,must
um,around
ja,Yes
kein,no
über,over
da,there
geben,give
vor,before
mein,my
mehr,more
Jahr,Year
du,you
durch,through
viel,a lot of
wollen,want
machen,make
andere,other
sollen,must
schon,nice
kommen,come
mir,me
immer,always
mich,me
gehen,walk
groß,great
hier,here
ganz,quite
zwei,two
also,so
jetzt,now
doch,yet
wieder,again
uns,us
gut,Good
bis,until
wissen,to know
sehen,see
einer,one
sehr,very
Mal,Times
lassen,leave
neu,New
stehen,stand
unser,our
jede,every
weil,because
unter,among
Mensch,person
ihm,him
ihn,him
denn,because
Beispiel,example
erste,first
Zeit,time
lang,long
leben,Life
Frau,woman
etwas,some
selbst,even
wenig,little
finden,Find
gegen,versus
zwischen,between
drei,three
liegen,lie
wo,Where
nichts,nothing
klein,small
Tag,Day
deutsch,German
bleiben,remain
nun,well
sondern,Then what
heute,today
beide,both
hoch,high
damit,in order to
ohne,without
Mann,man
welch,what
tun,to do
einmal,once
ihnen,them
heißen,mean
ob,if
denken,think
dabei,included
seit,since
einfach,simple
erst,first
Kind,child
Land,country
stellen,put
zeigen,demonstrate
natürlich,Naturally
alt,old
dort,there
Deutschland,Germany
gleich,same
nehmen,take
dürfen,allowed to
wichtig,important
vielleicht,perhaps
hören,Listen
Haus,House
nein,no
wer,who
dazu,to
eigentlich,actually
letzte,last
fragen,questions
Herr,Mr.
halten,keep
glauben,believe
Frage,question
gelten,are valid
gerade,just
folgen,follow
sprechen,speak
führen,to lead
bringen,bring
Welt,World
gar,at all
eigen,own
genau,Exactly
mögen,like
spät,late
bereits,already
möglich,possible
Prozent,percent
während,during
einige,some
dafür,Therefore
kurz,short
richtig,correct
stark,strong
brauchen,need
Hand,hand
etwa,about
weitere,Further
Ende,End
schreiben,write
solch,such
nie,never
Fall,case
schön,beautiful
wirklich,really
denen,whom
nennen,to name
warum,why
ziehen,drag
Wort,Word
darauf,thereon
eben,even
Seite,side
Teil,Part
jung,young
vier,four
besser,better
fast,nearly
schnell,fast
Stadt,city
spielen,to play
zwar,though
Euro,Euro
Arbeit,work
Million,million
Problem,problem
verstehen,to understand
bekommen,receive
meinen,my
davon,from that
fahren,ride
kennen,know
dich,you
Mutter,mother
Woche,Week
Weg,path
weiter,further
Auge,Eye
oft,often
Leute,People
allerdings,Indeed
sogar,even
jedoch,however
setzen,put
deshalb,for this reason
weit,far
sitzen,to sit
Vater,Father
dein,your
arbeiten,work
Geld,money
Unternehmen,Pursue
nächste,next
erklären,explain
klar,clear
Doktor,doctor
Paar,Few
Recht,Right
wegen,because
dir,to you
Wasser,water
bestehen,consist
versuchen,to attempt
Punkt,Point
Grund,reason
Kopf,head
beginnen,begin
laufen,to run
Bild,picture
verschieden,different
Name,Surname
Aufgabe,task
schwer,heavy
entsprechen,correspond
treffen,meet
Art,Kind
wohl,well
Geschichte,Story
erzählen,tell
entstehen,develop
sicher,secure
neben,Next
allein,alone
Abbildung,Illustration
hinter,Behind
besonders,especially
tragen,carry
kaum,hardly
Freund,friend
fünf,five
scheinen,seem to be
Stunde,Hour
aussehen,looks
gern,willingly
überhaupt,at all
bestimmt,definitely
sowie,as
Professor,professor
darüber,about that
deren,whose
schaffen,create
damals,back then
erhalten,obtain
lernen,to learn
frei,free
Wert,value
beziehungsweise,or
daran,to it
suchen,search
Europa,Europe
gemeinsam,together
rund,around
Zahl,Number
Thema,Theme
handeln,act
Buch,A book
bisschen,little
deutlich,clear
anders,different
politisch,politically
lesen,read
Blick,View
Form,shape
einzeln,individually
erreichen,reach
vergehen,pass
leicht,light
je,ever
verlieren,lose
beste,best
bilden,form
Monat,Month
Lösung,solution
Sache,Matter
bekannt,famous
Ziel,Goal
steigen,rise
eher,rather
essen,eat
Minute,minute
Nacht,Night
Platz,Place
schlecht,bad
Spiel,Game
Familie,family
jemand,someone
dessen,whose
fallen,fall
zehn,ten
Preis,Price
europäisch,European
sonst,otherwise
Staat,Country
helfen,help
Bereich,area
tatsächlich,In fact
Ort,location
Abend,Evening
einzig,only
Stelle,Job
unterschiedlich,differently
Gesicht,face
Entwicklung,development
Uhr,Clock
mehrere,several
schließen,shut down
schließlich,after all
legen,place
direkt,direct
daher,hence
offen,open
erkennen,detect
Person,person
Moment,moment
Schule,school
darin,in this
Auto,automobile
niemand,nobody
Gesellschaft,company
warten,waiting
vorstellen,to introduce
früh,early
treten,step
reden,talk
Gruppe,group
Ding,thing
na,n / A
gewinnen,to win
zunächst,first
damit,in order to
Tür,door
Schritt,Step
entwickeln,develop
meiste,most
Möglichkeit,possibility
Sinn,sense
passieren,happen
manchmal,sometimes
Vergleich,comparison
System,system
Rolle,role
Ergebnis,result
vergleichen,to compare
voll,full
erwarten,expect
obwohl,although
Straße,road
Angst,fear
allgemein,generally
fühlen,feel
jene,those
erinnern,remember
oh,Oh
bedeuten,mean
Stimme,Voice
Reaktion,reaction
wirken,Act
darstellen,represent
Raum,Space
Eltern,parents
bezeichnen,describe
Funktion,function
häufig,frequently
erscheinen,to appear
Vereinigte Staaten von Amerika,United States of America
Flüchtling,refugee
früher,previously
pro,Per
ergeben,result
entscheiden,decide
Universität,university
betreffen,affect
oben,above
Richtung,Direction
bestimmen,determine
fehlen,miss
Sprache,language
Produkt,product
Situation,situation
außerdem,in addition to that
nämlich,namely
international,international
Anfang,beginning
sechs,six
nutzen,to use
sozial,social
Folge,Consequence
Satz,Sentence
manche,some
Verbindung,connection
beschreiben,describe
Licht,light
ähnlich,similar
Regel,Rule
gegenüber,opposite to
Kollege,colleague
bisher,until now
tief,deep
halb,half
lachen,laugh
ebenfalls,also
sofort,right away
Grenze,Border
ändern,change
Entscheidung,decision
verlassen,leaving
Idee,idea
verbinden,associate
Milliarde,billion
endlich,Finally
Energie,energy
plötzlich,suddenly
danach,after that
Kraft,power
lieber,rather
gehören,belong
einsetzen,insert
Gefühl,feeling
trotzdem,despite it
befinden,are located
Information,information
dadurch,through this
dagegen,against it
Weise,Way
Zukunft,future
wachsen,to grow
bitte,You're welcome
weiß,White
Text,text
schwarz,black
sterben,die
Markt,market
rot,red
halt,just
Meter,meter
nahe,vicinity
Hilfe,Help
Kapitel,Chapter
ausgehen,go out
Bedeutung,meaning
betrachten,consider
Chemie,Chemistry
Luft,Air
Körper,Body
Struktur,structure
stimmen,voices
bitten,asking for
Jahrhundert,century
wahrscheinlich,probably
öffentlich,publicly
euch,to you
insgesamt,a total of
anfangen,begin
genug,enough
Deutsche,German
verändern,change
Wohnung,apartment
gelingen,succeed
bald,soon
gering,small amount
Film,Movie
kaufen,to buy
ansehen,look at
öffnen,to open
Musik,music
schauen,look
Stück,piece
besondere,special
tot,dead
Gott,God
völlig,fully
positiv,positive
Gespräch,conversation
darum,therefore
Kunde,customer
Menge,Crowd
Regierung,government
Antwort,answer
annehmen,accept
falsch,not correct
Zusammenhang,connection
langsam,slow
Arm,poor
nachdem,after this
Tisch,table
rufen,call
bieten,Offer
Herz,heart
zusammen,together
inzwischen,in the meantime
ebenso,as well
Boden,floor
bevor,before
verwenden,use
Politik,politics
Tod,Death
Erfolg,success
zudem,in addition
Bank,Bank
ab,away
persönlich,personal
Präsident,president
holen,to fetch
Junge,Young
sogenannt,so -called
Polizei,police
Chance,chance
gewiss,certainly
innerhalb,inside
Kunst,art
Lage,location
Schüler,pupils
gesamt,total
Druck,Print
verschwinden,disappear
wohnen,reside
bewegen,move
enthalten,contain
aufnehmen,take up
Kosten,Costs
Wintersemester,Winter semester
merken,notice
fest,fixed
aktuell,currently
Begriff,expression
erleben,experience
relativ,relative
laut,according to
Fuß,Foot
Daten,Data
Krieg,War
Gast,Guest
Aussage,expression
Gesetz,Law
planen,to plan
schwierig,difficult
Gut,Good
Kilometer,kilometre
zusätzlich,additionally
vergessen,to forget
Gedanke,Thought
besitzen,own
ach,Oh
Partei,Political party
freuen,looking forward
hängen,hang
berichten,to report
Zelle,cell
eng,closely
Kultur,Culture
Prozess,process
Sohn,Son
Dank,Thanks to
trotz,in spite of
fordern,demand
studieren,to study
gefallen,please
Mädchen,girl
verhalten,behave
mindestens,at least
ziemlich,pretty much
Interesse,interest
unterscheiden,differentiate
wobei,in which
jeweils,respectively
reichen,pass
sieben,seven
zumindest,at least
schlagen,beat
Tier,animal
jedenfalls,in any case
am,at the
erhöhen,raise
sorgen,care for
Erfahrung,experience
Patient,patient
Morgen,morning
Arzt,physician
geschehen,happen
Bayern,Bavaria
lösen,to solve
irgendwie,somehow
anbieten,offer
vorkommen,occurrence
okay,OK
wünschen,to wish
interessieren,interest
Unterschied,difference
Foto,photo
trinken,drink
derselbe,the same
wählen,Select
gleichzeitig,simultaneously
knapp,meager
Mitarbeiter,employees
übernehmen,take over
Glück,happiness
normal,normal
leider,unfortunately
Grundlage,basis
acht,eight
Leistung,Performance
vorliegen,exist
erfolgen,take place
Beziehung,relationship
zunehmen,gain weight
Molekül,molecule
stattfinden,occur
ankommen,arrive
auftreten,appear
insbesondere,in particular
technisch,technically
wann,when
los,Come on
Bett,bed
Höhe,Height
wesentlich,essential
englisch,English
zuletzt,last
rein,pure
Zimmer,Room
indem,in which
bauen,build
Verhältnis,Relationship
selten,Rare
Zeitung,newspaper
innere,inner
beispielsweise,for example
Bedingung,Condition
Fenster,window
Zug,train
derzeit,currently
funktionieren,function
sowohl,as well as
schlafen,sleep
statt,instead of
Werk,plant
grün,green
Bürger,Citizens
dienen,serve
echt,real
Firma,company
Wirtschaft,Business
stecken,put
hoffen,hope
erfahren,Experienced
Mittel,Middle
Folie,foil
leisten,Afford
Tochter,daughter
Lehrer,teacher
passen,fit
beobachten,watch
Einführung,introduction
Element,element
klingen,sound
lieben,love
Dame,lady
Vorlesung,lecture
zählen,counting
meist,most of time
dunkel,dark
Österreich,Austria
Modell,model
Bewegung,movement
unten,below
Mitte,center
hin,there
aufgrund,because of
beschäftigen,employ
zuvor,before
miteinander,together
dennoch,nonetheless
werfen,throw
Angebot,offer
Projekt,Project
verkaufen,Selling
reagieren,react
Autor,author
kriegen,get
zirka,about
Europäische Union,European Union
Größe,size
hart,hard
offenbar,apparently
Bruder,Brothers
beteiligen,participate
Phase,phase
angeben,indicate
Reise,travel
erfolgreich,successful
Zustand,condition
wahr,TRUE
Reihe,Row
Natur,Nature
rechnen,calculate
bloß,just
notwendig,necessary
entdecken,discover
dauern,last
wirtschaftlich,economically
privat,Private
modern,modern
Haar,hair
deswegen,because of this
spüren,sense
unabhängig,independent
morgen,morning
Rahmen,frame
übrigens,by the way
Einheit,Unit
überall,overall
feststellen,determine
Stoff,material
Rede,speech
unterstützen,support
chemisch,chemical
schlimm,terrible
Schweiz,Switzerland
irgendwann,Sometime
Geschäft,business
weder,neither
Anteil,Portion
Angabe,specification
Team,team
außer,except
Sommer,Summer
Hotel,hotel
laut,according to
eins,one
Alter,Old
Sicherheit,security
Sozialdemokratische Partei Deutschlands,Social Democratic Party of Germany
niedrig,low
ständig,constant
Einsatz,mission
liefern,delivery
betonen,emphasize
Erde,Earth
Studie,study
vorne,in front
rechte,right
Meinung,opinion
drehen,turn
Künstler,Artist
aktiv,active
Versuch,experiment
somit,therewith
bezahlen,pay
Eigenschaft,Characteristic
längst,a long time ago
Methode,method
Ordnung,Order
Russland,Russia
Wahl,choice
daraus,from this
erfüllen,fulfill
Mama,mummy
Region,region
Sonntag,Sunday
Internet,Internet
Nummer,number
lächeln,smile
genauso,just like that
überzeugen,convince
interessant,Interesting
menschlich,human
Elektron,electron
Frankreich,France
Freiheit,freedom
speziell,special
französisch,French
negativ,negative
zentral,central
Ebene,level
besuchen,visit
gestern,yesterday
Spieler,player
absolut,absolutely
fliegen,to fly
Hund,dog
antworten,answers
weiterhin,Farther
Wand,Wall
rechts,right
konkret,concrete
russisch,Russian
zahlen,to count
zugleich,simultaneously
Feld,Field
verdienen,to earn
amerikanisch,American
Sekunde,second
Brief,letter
Mitglied,Member
praktisch,practical
Gefahr,Danger
binden,tie
weltweit,worldwide
Liebe,love
Beginn,Beginnings
China,China
breit,wide
draußen,outside
Wirkung,Effect
Bildung,training
Blut,blood
Meer,sea
Anzahl,number
Veränderung,change
durchaus,quite
Mund,mouth
berechnen,to calculate
betragen,be
fremd,strange
Untersuchung,investigation
Fehler,Mistake
mittlerweile,in the meantime
aufbauen,build up
Sonne,Sun
Prinzip,principle
vorher,beforehand
Kampf,Battle
Verfügung,disposal
feiern,celebrate
Programm,program
linke,left
Einfluss,influence
Temperatur,temperature
leer,empty
mitteilen,communicate
Verfahren,procedure
danke,thank you
beziehen,relate
verlangen,demand
zuerst,first
Analyse,analysis
klassisch,classic
ehemalig,former
Bein,leg
Glas,Glass
untersuchen,investigate
kalt,cold
Sorge,Worries
Himmel,heaven
künftig,future
national,national
Kirche,Church
links,Left
Christlich Demokratische Union,Christian Democratic Union
bislang,so far
messen,measure up
lieb,dear
unbedingt,necessarily
Verein,Association
Atom,atom
historisch,historical
sinken,sink
kosten,costs
Vorstellung,performance
entscheidend,decisive
teilen,divide
Typ,Type
stammen,come
wissenschaftlich,scientific
wieso,how come
Faktor,factor
Bindung,binding
Literatur,literature
überraschen,to surprise
bestätigen,to confirm
bewusst,deliberately
Abschnitt,section
Nähe,vicinity
zahlreich,numerous
medizinisch,medical
übrig,left over
Türkei,Turkey
Produktion,production
drücken,to press
drohen,threaten
Linie,line
Gas,gas
schicken,send
Hälfte,half
Kontakt,Contact
Interview,interview
egal,no matter
reisen,to travel
Berg,Mountain
irgendwo,somewhere
trennen,separate
benötigen,require
Erinnerung,Memory
verhindern,impede
Sicht,view
Dollar,dollar
leiden,To suffer
Anspruch,claim
Position,position
Sport,Sports
Bürgerliches Gesetzbuch,Civil Code
Nachfrage,demand
blau,blue
anschauen,look at
teuer,expensive
Medien,media
richten,judge
Institut,Institute
Plan,plan
immerhin,after all
Tor,Goal
Betrieb,operation
komplex,complex
Dorf,village
eignen,be suitable
Klasse,Class
eingehen,enter into
erlauben,to allow
treiben,float
weg,away
aufstehen,stand up
Absatz,Unit volume
unterwegs,On the way
Vertrag,contract
Ausdruck,Expression
geraten,devices
toll,Great
schweigen,remain silent
Schwester,sister
Chef,boss
greifen,to grab
Risiko,risk
schwach,weak
Tabelle,tabel
ermöglichen,make possible
Freitag,Friday
Hinweis,a notice
Vorteil,advantage
Protein,protein
Gewinn,Profit
grundsätzlich,basically
März,March
wiederholen,to repeat
Ruhe,quiet
Darstellung,depiction
ruhig,calm
Traum,Dream
behandeln,treat
stets,always
aufhören,stop
schützen,protection
diskutieren,to discuss
Ferse,heel
Sprecher,speaker
produzieren,to produce
Kritik,criticism
erneut,again
Trainer,Trainer
April,April
melden,Report
wiederum,in turn
Opfer,victim
hinaus,out of
vorhanden,present
Westen,west
Titel,title
Eindruck,impression
Baum,tree
lauten,ring
Diskussion,discussion
hingegen,however
Student,University student
Bevölkerung,population
Finger,finger
Grüne,Green
total,total
Abstand,Distance
Schulter,shoulder
Maßnahme,measure
Band,tape
darunter,underneath
derjenige,the one
Wald,forest
Insel,Island
Schluss,Ending
anschließend,afterward
Volk,People
kulturell,cultural
definieren,define
September,September
Beruf,profession
Ansatz,approach
nötig,necessary
herrschen,to rule
Sieg,victory
Küche,kitchen
verantwortlich,responsible
täglich,Every day
Montag,Monday
Spaß,fun
herstellen,produce
überlegen,think
Mai,May
umfassen,include
ernst,serious
Roman,novel
Januar,January
neun,nine
kämpfen,battle
jeweilig,respective
versprechen,promise
Definition,definition
vollständig,Completely
heben,to lift
Rücken,Move
existieren,exist
Masse,Dimensions
singen,to sing
Theorie,theory
Inhalt,contents
scheitern,fail
Ereignis,occurrence
lediglich,only
organisch,organic
glücklich,happy
Rest,rest
Wunsch,Wish
beschließen,decide on
dick,thick
riesig,gigantic
heutig,today
hallo,Hi
Museum,museum
Farbe,Color
zwölf,twelve
per,by
regelmäßig,regularly
her,from
wechseln,switch
einstellen,set
Theater,theatre
König,king
Ohr,Ear
fördern,support financially
elektrisch,electrical
Aufbau,Construction
Beitrag,contribution
Februar,February
durchführen,execute
einfallen,come to mind
verletzen,injure
Kontrolle,control
Macht,Makes
Mannschaft,team
entweder,either
behaupten,claim
Hoffnung,Hope
Verantwortung,responsibility
schreien,scream
andererseits,on the other hand
Besuch,Visit
hundert,hundred
Quelle,source
typisch,typical
Gebiet,Area
Behörde,authority
Samstag,Saturday
Organisation,organization
Summe,total
Job,job
ausreichen,be sufficient
Grad,Degree
irgendein,any
benutzen,to use
irgendetwas,anything
teilweise,partially
vertrauen,to trust
Jahrzehnt,decade
Wind,wind
unmittelbar,immediate
Bund,Federation
extrem,extreme
Merkmal,feature
theoretisch,theoretically
ermitteln,determine
Papa,father
Krankheit,illness
Voraussetzung,precondition
töten,kill
formulieren,formulate
Substanz,substance
Zeitpunkt,time
wenigstens,at least
Gang,corridor
Politiker,Politician
Unterstützung,support
hey,hey
brechen,break
fassen,grasp
Zentrum,center
anrufen,call
entfernen,remove
Juni,June
Haut,skin
verfolgen,follow
gesellschaftlich,socially
Schutz,Protection
Generation,generation
chinesisch,Chinese
Zeichen,Sign
Wahrheit,truth
Haushalt,household
Garten,Garden
hinten,rear
auffallen,stand out
Gegensatz,contrast
verteilen,to distribute
Papier,paper
physikalisch,physically
angesichts,in the face of
leise,quietly
vermutlich,allegedly
eindeutig,clearly
heraus,out
falls,if
erstmals,for the first time
Partner,partner
nachdenken,ponder
Ausbildung,Training
Wagen,Car
Schiff,Ship
tausend,thousand
Tat,did
obere,upper
Gleichung,equation
Stein,Stone
kümmern,To take care of
mittlere,medium
erheben,raise
Erklärung,Explanation
Konzept,concept
Mittwoch,Wednesday
stören,disturb
Spur,track
berliner,Donut
Herausforderung,challenge
starten,start
staatlich,state
verbessern,improve
heiß,hot
Vergangenheit,past
Gleichgewicht,balance
Griechenland,Greece
Maß,Measure
abgeben,hand over
Bericht,report
Qualität,quality
Rand,edge
Italien,Italy
Kern,core
Winter,winter
Hintergrund,background
Osten,east
Amerika,America
geboren,born
gefährlich,dangerous
zwingen,force
Bier,Beer
ansprechen,speak to
komplett,completely
Forderung,Financial support
gelangen,reach
Nachricht,news
sammeln,collect
ablehnen,decline
stoßen,bump
konstant,constant
Oktober,October
umgehen,bypass
angehen,approach
verlaufen,get lost
demnach,therefore
auftauchen,Pop up
böse,evil
auslösen,trigger
weitergehen,go on
abhängen,depend
Geschwindigkeit,speed
ideal,ideal
Augenblick,moment
reduzieren,to reduce
Maschine,machine
linear,linear
ausmachen,turn off
eintreten,enter
kritisch,critical
äh,ah
Wochenende,weekend
Donnerstag,Thursday
Saison,season
Forscher,Researcher
gründen,establish
offensichtlich,obviously
Teilchen,Particle
genügen,meet
schieben,push
Computer,computer
Effekt,effect
abnehmen,decrease
Verteilung,distribution
blicken,look
beitragen,contribute
Anwendung,application
zeichnen,draw
frisch,fresh
meistens,usually
erwähnen,mention
Welle,Wave
Nase,Nose
vertreten,represent
dicht,densely
Soldat,soldier
bereit,ready
Technik,Technology
Blatt,Sheet
prägen,shape
sozusagen,so to speak
November,November
Schweizer,Swiss
gesund,healthy
danken,to thank
Fußball,Soccer
Umstand,fact
einladen,invite
Kilogramm,kilogram
warm,warm
Integration,integration
Nachbar,Neighbor
maximal,maximum
Figur,figure
Freude,joy
offiziell,officially
außen,Outside
Kreis,Circle
nicken,nod
digital,digital
unbekannt,unknown
Gericht,court
schätzen,estimate
organisieren,to organize
Aspekt,aspect
verzichten,waive
bemerken,notice
Kaffee,Coffee
Leid,Sorrow
still,quiet
leiten,conduct
Vertreter,Representative
Statistik,statistics
Heimat,hometown
Milliliter,Milliliter
zurückkehren,to return
Gegenstand,object
euer,your
umsetzen,implement
betreiben,operate
Zusammenarbeit,cooperation
enden,end up
vielmehr,much more
konzentrieren,focus
landen,land
See,lake
Tourist,tourist
Konzentration,concentration
verbieten,to forbid
krank,Sick
Fähigkeit,capability
finanziell,financially
Jugendliche,Teenager
Netz,network
Änderung,modification
abschließen,to graduate
Erkenntnis,Understanding
selbstverständlich,Of course
erzeugen,generate
Ursache,cause
ursprünglich,originally
Basis,Base
erzielen,achieve
Forschung,research
schießen,shoot
warnen,to warn
Zentimeter,centimeter
eröffnen,open
Ahnung,Idea
ankündigen,to announce
Enzym,enzyme
individuell,individually
intensiv,intensive
Bundesregierung,Federal government
begreifen,understand
Szene,scene
Deutsche Demokratische Republik,German Democratic Republic
rasch,rapid
real,real
Abgeordnete,Deputy
verstärken,strengthen
ausschließen,exclude
sinnvoll,sensible
Bezug,Relation
Dienstag,Tuesday
Stand,was standing
retten,save
zwanzig,twenty
Club,Club
Gewalt,force
gucken,look at
Anschlag,attack
beeinflussen,influence
riechen,smell
außerhalb,outside of
begleiten,to accompany
Publikum,audience
Besucher,Visitor
Wachstum,growth
aufgeben,to give up
stolz,proudly
Verlust,Loss
begründen,establish
streng,strict
Ecke,Corner
Lauf,Run
Artikel,article
berühmt,famous
ersetzen,substitute
Wahrscheinlichkeit,probability
Ausland,abroad
bayrisch,Bavarian
diesmal,this time
Gehirn,Brain
Gebäude,building
langfristig,long -term
herzlich,heartfelt
sichern,to back up
Material,material
verbringen,spend
Strom,electricity
Amt,Government office
kritisieren,criticize
vermitteln,convey
Wirklichkeit,reality
Union,union
Studium,Studies
festhalten,hold tight
präsentieren,present
Demokratie,democracy
niemals,No way
Aufnahme,Recording
Ausnahme,exception
beenden,break up
Investition,investment
Lust,desire
prüfen,test
anlegen,invest
Zuschauer,Viewers
hell,bright
mitten,in the middle
zufolge,according to
Konflikt,conflict
Bahn,Rail
Syrien,Syria
Einkommen,income
empfehlen,recommend
britisch,British
fürchten,to fear
vorbereiten,prepare
Aktivität,activity
Auftrag,Order
froh,joyful
äußern,to express
Geist,Spirit
Objekt,object
möglicherweise,possibly
zuständig,responsible
aufweisen,exhibit
springen,leap
Hof,court
Polizist,police officer
Übung,exercise
Widerstand,Resistance
anziehen,attract
Experte,expert
ohnehin,anyway
füllen,to fill
Gemeinde,Community
Pause,Break
scharf,sharp
schütteln,shake
Fernsehen,TV
Formel,formula
gelb,yellow
Sommersemester,summer semester
heftig,violent
Bühne,stage
empfinden,feel
Schaden,Damage
umgekehrt,vice versa
veröffentlichen,publish
aufstellen,set up
abhängig,dependent
Strecke,Route
Praxis,Practice
ungefähr,approximately
mitnehmen,take along
üblich,common
übertragen,transfer
Wissenschaft,Science
global,global
Nachmittag,afternoon
Annahme,adoption
Umgebung,Vicinity
Öffentlichkeit,Publicity
Spiegel,mirror
zurückkommen,Come back
besetzen,occupy
Gegenteil,opposite
vorbei,over
Fan,fan
Karte,Map
arm,poor
Krise,crisis
Strategie,strategy
Debatte,debate
davor,before
Journalist,journalist
kochen,Cook
zurückgehen,go back
Schmerz,pain
erheblich,significant
ausschließlich,exclusively
griechisch,Greek
naja,oh well
Runde,round
Angriff,attack
einführen,introduce
desto,the more
Wettbewerb,contest
verfügen,feature
woher,from where
Zweifel,doubt
Konzern,Group
tanzen,to dance
überleben,to survive
spezifisch,specific
stabil,stable
Kamera,camera
Schatten,The shade
berücksichtigen,consider
Pferd,Horse
begegnen,to encounter
Zugang,Access
elf,eleven
Suche,Seek
doppelt,double
festlegen,determine
österreichisch,Austrian
sodass,so that
Tatsache,fact
Alkohol,alcohol
informieren,to inform
Norden,north
vermuten,assume
zufrieden,satisfied
reißen,tear
dahin,then
solange,so long
Wissenschaftler,scientist
Kommunikation,communication
Steuer,Tax
angeblich,allegedly
günstig,Cheap
Dezember,December
Flughafen,Airport
Krankenhaus,hospital
wenden,turn
türkisch,Turkish
Gegner,Opponent
Leser,reader
Volkswirtschaftslehre,Economics
Handel,trade
Kenntnis,Knowledge
sichtbar,visible
zulassen,to permit
Mark,mark
vorsehen,provide
Schwierigkeit,difficulty
wahrnehmen,perceive
hinweisen,Clues
Juli,July
Signal,signal
kontrollieren,check
sowieso,anyway
Bauer,Farmer
Kurs,course
einst,once
Service,service
sprachlich,linguistic
bisherig,previous
Fahrer,driver
traditionell,traditional
weinen,cry
genießen,enjoy
Dienst,service
Lager,camp
grau,Gray
anhand,based
Bus,bus
Franken,Franc
Kategorie,category
nett,kind
freundlich,friendly
perfekt,Perfect
reich,rich
Fahrt,journey
Urlaub,vacation
ausländisch,foreign
Instrument,instrument
fern,remote
Gegend,Area
verstecken,hide
Feuer,Fire
bemühen,make an effort
Verständnis,understanding
Alternative für Deutschland,Alternative for Germany
Bakterie,bacterium
tauchen,dive
Konsequenz,consequence
Schuld,fault
Mehrheit,majority
anhaben,wear
Bestimmung,determination
vermeiden,avoid
ehrlich,Honestly
beachten,note
statistisch,statistical
Hals,throat
durchsetzen,push through
italienisch,Italian
Scheiße,crap
Telefon,phone
Herbst,autumn
Ausstellung,exhibition
Bau,Building
Keller,"basement, cellar"
Bürgermeister,mayor
entlang,along
Flasche,Bottle
wunderbar,Marvelous
Zweck,purpose
ehren,to honor
Verwendung,use
letztlich,ultimately
Fläche,Surface
streichen,cancel
zitieren,quote
senken,reduce
behalten,keep
gestalten,design
beweisen,to prove
Umgang,Handling
überprüfen,to verify
Lehrstuhl,Chair
schenken,give
Vorschlag,Suggestion
anhalten,stop
entfernt,away
Leiter,director
Parlament,houses of Parliament
stürzen,overthrow
Waffe,weapon
Kriterium,criteria
Beifall,applause
zerstören,destroy
zuhören,to listen
ausfallen,stand out
Weile,while
drängen,push
einerseits,on the one hand
Spannung,tension
Fortschritt,progress
Mathematik,mathematics
Bad,bath
erläutern,explain
packen,pack
Großbritannien,Great Britain
vorsichtig,careful
anwenden,use
wild,wild
gesetzlich,legally
Spitze,Top
Gerät,device
Wille,will
sicherlich,surely
weisen,point
Tradition,tradition
brennen,burn
freiwillig,voluntarily
umso,the same as
Antrag,application
Reich,Rich
investieren,invest
bestellen,to order
Gelegenheit,opportunity
Mauer,Wall
stattdessen,instead of this
Stuhl,chair
Ton,volume
Büro,office
Umwelt,environment
rauchen,smoking
Beschreibung,description
Pflanze,plant
Tätigkeit,task
Landschaft,landscape
verweisen,refer
Arbeitsplatz,Workplace
erfassen,capture
Komponente,component
Ion,ion
Laden,Load
fein,fine
Stern,star
Schuh,shoe
Knie,Knee
null,zero
Schicht,layer
unglaublich,unbelievable
zurück,return
Realität,reality
sobald,as soon
belegen,occupy
Fluss,Flow
Alternative,alternative
verpflichten,commit
begrüßen,greet
Führung,guide
untere,lower
Handy,mobile
Hauptstadt,capital city
Experiment,experiment
Frieden,Peace
Verlauf,Course
Potenzial,potential
Verlag,Publisher
Ministerpräsident,Prime minister
Vogel,Bird
beschränken,restrict
Branche,Industry
Schauspieler,actor
vorschlagen,suggest
beinahe,nearly
jährlich,yearly
Botschaft,message
Alltag,everyday
Umsatz,sales volume
Verband,Association
betreten,to enter
Regelung,regulation
teilnehmen,take part
überwiegen,outweigh
bedingen,condition
Gestalt,shape
zukommen,get
ablaufen,expire
Minister,minister
Fahrzeug,vehicle
fließen,flow
gemäß,according to
Vorwurf,Accusation
erforderlich,necessary
Haltung,attitude
Schriftsteller,writer
Stimmung,mood
zufällig,coincidentally
enorm,enormously
Fach,Academic subject
begrenzen,limit
Lied,song
Nation,nation
Verhandlung,negotiation
Wein,Wine
Auflage,Edition
billig,cheap
dünn,thin
achten,"respect, think highly of"
Amerikaner,American
Anbieter,Offerer
Industrie,Industry
Spanien,Spain
ab,away
Jude,Jew
Vorgang,Occurrence
ausgeben,output
Meister,master
umdrehen,turn around
weitgehend,largely
traurig,Sad
Aufmerksamkeit,attention
Berechnung,calculation
gegenseitig,mutual
kurzfristig,in the short term
Stufe,Step
Urteil,Verdict
primär,primary
Schnee,snow
vollkommen,completely
England,England
massiv,solid
sämtlich,all
übersetzen,to translate
dringend,urgently
verursachen,cause
Konkurrenz,competitor
Muskel,muscle
Test,test
Süden,south
super,great
ökonomisch,economically
Erzählung,narrative
Initiative,initiative
Flugzeug,airplane
Desoxyribonukleinsäure,Desoxyribonucleic acid
Flüssigkeit,liquid
Geburtstag,birthday
Kleid,a dress
zeitlich,temporary
Ball,ball
Brust,Breast
elektronisch,electronic
verabschieden,saying goodbye
ausdrücken,to express
Detail,detail
demokratisch,democratically
Variable,variable
Fleisch,meat
körperlich,physically
Liste,list
träumen,dream
Volumen,volume
zugeben,admit
ah,ah
Drittel,one-third
akzeptieren,accept
endgültig,finally
ewig,eternal
Perspektive,perspective
Restaurant,restaurant
wandern,hike
Tasche,pocket
vornehmen,make
Beamte,Officer
orientieren,orientate
schmal,narrow
Streit,dispute
spannend,exciting
wohin,where
Dach,roof
Karriere,Career
regeln,regulate
insofern,in that
Zigarette,Cigarette
bunt,multicoloured
Falle,Cases
verbreiten,spread
Auswirkung,impact
einander,each other
weshalb,for what reason
Unterricht,instruction
Bedürfnis,Requirement
Niveau,level
Tante,aunt
Prüfung,test
mitbringen,bring along
seltsam,strange
Gen,gene
engagieren,engage
Onkel,uncle
soweit,so far
mächtig,powerful
ausgerechnet,of all things
zweimal,twice
Störung,Disturbance
Aktion,action
#NAME?,#NAME?
künstlich,artificially
Auseinandersetzung,confrontation
pflegen,care for
Ausgabe,output
online,on-line
ableiten,derive
etc.,Etc.
leuchten,to shine
Anlage,attachment
erweitern,expand
erweisen,prove
Gesundheit,Health
zutreffen,hold true
aufführen,list
Kandidat,candidate
profitieren,benefit
Rechnung,invoice
Übergang,crossing
zusammenfassen,sum up
beeindrucken,impress
einnehmen,take in
Loch,Hole
Management,management
schwimmen,swim
Erwartung,Expectation
beantworten,respond
Beweis,proof
Weltkrieg,World War II
kompliziert,complicated
Stirn,Forehead
Behandlung,treatment
Zahn,Tooth
aussprechen,express
beliebt,popular
Eis,Ice
komisch,funny
westlich,west
geistig,mentally
Länge,length
unmöglich,not possible
optimal,optimal
Wetter,weather
ergänzen,complete
voneinander,from each other
auswählen,choose
befragen,consult
rücken,move
Anwalt,attorney
dahinter,behind it
Stärke,Strength
Ironie,irony
Ansicht,Opinion
Aktiengesellschaft,Stock corporation
ausbilden,form
empirisch,empirically
Kombination,combination
Ermittlung,detection
Gedicht,poem
unterhalten,to chat
Hochschule,University
Umsetzung,implementation
Engagement,engagement
erschrecken,frighten
erwerben,acquire
Wesen,Beings
parallel,parallel
hierbei,here
Schloss,lock
steuern,Taxes
Wunder,Wonder
Abschluss,Diploma
irgendwelche,any
korrekt,correctly
Vorsitzende,Chairman
verraten,betray
anpassen,to adjust
automatisch,automatically
Physik,physics
Erkrankung,illness
spanisch,Spanish
Teilnehmer,participant
Veranstaltung,event
vorhaben,project
verbergen,hide
aha,Aha
malen,to paint
Post,post Office
Seele,Soul
üben,practice
August,August
Knochen,Bone
Geräusch,noise
Gegenwart,Present
generell,As a general rule
Aminosäure,amino acid
Marketing,marketing
Phänomen,phenomenon
Russe,Russian
Brücke,Bridge
daneben,Besides
Gewicht,weight
beruhigen,calm
ansonsten,otherwise
verrückt,crazy
versorgen,supply
laden,load
Start,begin
wagen,dare
weiblich,Female
seitdem,since
Treppe,Stairs
Decke,ceiling
Einstellung,setting
heiraten,marry
mittels,by means of
Unfall,accident
Bestandteil,component
Regen,Rain
entschuldigen,apologize
Fisch,Fish
Medizin,medicine
Schicksal,fate
aufgehen,rise up
Video,Video
zugehen,approach
durchschnittlich,average
Strand,Beach
Zins,interest
bewerten,evaluate
bezüglich,in terms of
begeistern,inspire
Ladung,charge
äußerst,extremely
lustig,fun
potenziell,potentially
Dichter,poet
Religion,religion
religiös,religious
nackt,naked
Ware,Would
beruflich,professional
lokal,local
Standard,default
Kanzler,Chancellor
nochmal,once again
auflösen,dissolve
aufregen,excite
Abhängigkeit,Dependency
Einrichtung,furnishings
vereinigen,unite
vereinbaren,arrange
verschieben,move
bewirken,cause
Bundesland,Federal State
erleichtern,facilitate
Institution,institution
rechtlich,legally
Viertel,Quarter
Dimension,dimension
Ei,egg
müde,weary
sparen,save
quasi,so to say
Wiener,Viennese
blöd,stupid
Soziologie,sociology
tätig,active
Afghanistan,Afghanistan
Flucht,Escape
absehen,foresee
Afrika,Africa
regional,regional
strategisch,strategically
exakt,exactly
fortsetzen,continue
steigern,increase
Übersetzung,translation
womöglich,possibly
Argument,argument
berühren,touch
Kino,movie theater
Dauer,duration
klappen,Valves
Polen,Poland
golden,golden
klären,clear up
sauber,clean
Bahnhof,train station
Bewertung,valuation
Messung,Measurement
gewaltig,immense
relevant,relevant
Israel,Israel
Lippe,lip
Bundesrepublik,Federal Republic
Charakter,character
antreten,compete
Lehre,Teach
aufpassen,watch out
Verletzung,injury
Christlich-Soziale Union,Christian Social Union
Direktor,director
enttäuschen,disappoint
fangen,catch
Träne,tear
damalig,at the time
dreißig,thirty
mathematisch,mathematically
Pflicht,duty
realisieren,realize
einrichten,furnish
Käufer,Buyer
Rennen,Run
Täter,Perpetrator
befreien,to free
ordnen,put in order
Bezeichnung,designation
verteidigen,defend
Anlass,Reason
medial,medial
hauptsächlich,mainly
Hersteller,Manufacturer
normalerweise,usually
Motiv,motive
Auswahl,selection
markieren,to mark
mehrfach,multiple
Rang,rank
rennen,run
herausfinden,find out
nahezu,nearly
benennen,to name
Schrift,Writing
Silbe,syllable
Anstieg,rise
Kurve,Curve
Auftritt,Appearance
integrieren,integrate
Saga,saga
anmelden,Sign in
gerecht,just
unendlich,infinite
Bundestag,Bundestag
literarisch,literary
Bewusstsein,consciousness
Stiftung,"Foundation, endowment"
Erhöhung,increase
GmbH,GmbH
ungewöhnlich,unusual
Fest,Fixed
Anforderung,requirement
männlich,male
Training,training
vorgehen,Action
Arbeitslosigkeit,unemployment
Brot,bread
Geburt,birth
Hunger,hunger
jüdisch,Jewish
Umfeld,Surroundings
allzu,too
Graf,Graf
Indien,India
lohnen,be worthwhile
optisch,optically
militärisch,military
Mühe,effort
unterbrechen,interrupt
grundlegend,fundamental
Boot,boat
Dutzend,dozen
zurückziehen,withdraw
klopfen,beat
nachweisen,prove
Wolke,Cloud
aufmachen,open
kennzeichnen,mark
Jugend,youth
wundern,be surprised
Interpretation,interpretation
Leber,liver
Stellung,position
aufheben,lift
Belastung,burden
heilig,holy
Umfang,Scope
Beobachtung,observation
erfinden,invent
erfordern,require
Gebrauch,use
Landtag,Parliament
Verkehr,Traffic
aufhalten,stop
schneiden,to cut
Kauf,purchase
Öl,oil
Betrag,amount
herauskommen,come out
Fahrrad,bicycle
Koordination,coordination
Nutzung,use
Park,park
resultieren,result
schmecken,taste
starren,stare
verpassen,miss
vorwerfen,accuse
Bauch,belly
Verkauf,sale
Vorbereitung,preparation
ausrichten,align
rühren,stir
Trend,trend
aktivieren,activate
Mechanismus,mechanism
Nutzen,To use
Hose,trousers
lügen,lying
ansetzen,set up
arabisch,Arabic
mischen,Mix
beruhen,be based
Japan,Japan
City,City
Klausur,Exam
innen,Inside
Membran,membrane
Metall,metal
Netzwerk,network
systematisch,systematic
Technologie,technology
Trennung,separation
E-Mail,e-mail
mitmachen,participate
Manager,Manager
Oma,granny
Umfrage,opinion poll
Operation,surgery
Probe,sample
bedienen,serve
Mut,courage
nachhaltig,consistent
zusehen,watch
bevorzugen,to prefer
hierzu,For this
Fischer,Fisherman
Ruf,Call
Überlegung,consideration
Begegnung,encounter
Schlag,Punch
daraufhin,thereupon
Handlung,Plot
Marke,brand
angreifen,attack
finanzieren,finance
freilich,of course
Hinsicht,Respect
Schlüssel,key
deuten,interpret
glatt,smooth
schrecklich,dreadful
weich,soft
Klinik,clinic
bedeutend,significant
Organ,organ
besprechen,discuss
Oberfläche,surface
Standort,Location
Zufall,Coincidence
Armee,army
kräftig,powerful
Nerv,nerve
Niederlage,defeat
Termin,meeting
angenehm,pleasant
Synthese,synthesis
Drama,drama
Konsum,consumption
Vorschrift,Regulation
winzig,tiny
Flug,Flight
Holz,wood
künstlerisch,artistic
Förderung,financial support
Impuls,pulse
Planung,planning
Verdacht,Suspicion
vorgeben,pretend
Witz,Joke
aufmerksam,attentive
Mangel,defect
ausführen,To run
analog,analogue
befürchten,fear
hinsichtlich,regarding
Katze,Cat
äußere,outer
Halle,Hall
Häufigkeit,frequency
Kapital,capital
Revolution,revolution
zuordnen,assign to
aussetzen,expose
Lohn,Salary
Vermögen,Assets
Verwaltung,administration
zumal,especially since
Kohlenstoffdioxid,carbon dioxide
ordentlich,orderly
stoppen,to stop
Bundeskanzler,Chancellor
Rat,advice
Bewohner,Resident
gewöhnlich,usually
großartig,Great
trainieren,work out
Variante,variant
Medikament,drug
Ring,ring
beliebig,any
Handelsgesetzbuch,Commercial Code
versetzen,offset
verurteilen,judged
Vorjahr,Previous year
gezielt,targeted
Kommune,Municipality
Mord,murder
extern,external
Partie,Game
stetig,steadily
dumm,dumb
erwidern,return
Identität,identity
Stock,floor
Gefäß,vessel
atmen,to breathe
Milch,milk
Tiefe,depth
unternehmen,Companies
moralisch,morally
selbe,same
stärken,strengthen
Millimeter,millimeter
Freie Demokratische Partei,Free Democratic Party
Konsument,consumer
Reform,reform
Richter,Judge
verwandeln,transform
streiten,fight
widmen,dedicate
bereitstellen,provide
hinterlassen,leave behind
analysieren,analyze
Gipfel,summit
Nachteil,Disadvantage
versus,versus
vertraut,trusted
Baby,infant
Sitzung,meeting
sportlich,athletic
Wärme,warmth
eventuell,possible
Gemeinschaft,Community
kennenlernen,to get to know
Unternehmer,Entrepreneur
Dienstleistung,service
intern,internally
Investor,investor
Periode,period
schriftlich,written
genetisch,genetically
Einwohner,resident
testen,testing
umgeben,surround
lebendig,lively
waschen,to wash
Hormon,hormone
Lebensmittel,groceries
Zeile,Line
belasten,burden
braun,brown
Ehe,Before
Passagier,passenger
Kindheit,childhood
Ungarn,Hungary
Verbraucher,consumer
Vielfalt,diversity
Entschuldigung,Excuse me
flüstern,whisper
geradezu,almost
Koalition,coalition
Mischung,mixture
zukünftig,future
erledigen,take care of
Existenz,existence
Geruch,Odor
herkommen,come here
Sitz,Seat
Serie,series
ahnen,guess
Entfernung,distance
stützen,support
Wahrnehmung,perception
Liga,league
Schlaf,Sleep
einschränken,restrict
Kette,Chain
Säure,acid
Strafe,penalty
Franzose,Frenchman
Konzert,concert
Kontext,context
Transport,transport
abbauen,dismantle
anregen,encourage
aufwachsen,grow up
beherrschen,command
Island,Iceland
Kreuz,Cross
Motor,engine
Sendung,Broadcast
Aktie,share
höchstens,at most
trocken,dry
Ukraine,Ukraine
Wechselwirkung,interaction
Bibliothek,Library
ebenda,ibid.
hoffentlich,hopefully
Erwachsene,adult
Weltmeisterschaft,World Championship
zurückführen,trace back
Bruttoinlandsprodukt,gross domestic product
friedlich,peaceful
Verkäufer,salesperson
vernünftig,reasonable
Matrix,matrix
abholen,collect
gegenwärtig,currently
Organismus,organism
Ressource,resource
trauen,trust
Vorbild,example
vorlegen,present
wahnsinnig,insane
erstaunlich,amazing
grinsen,grin
Koffer,suitcase
emotional,emotionally
erstellen,create
fünfzig,fifty
Kugel,Bullet
Rad,wheel
ausbauen,Remove
anzeigen,Show
Schwerpunkt,main emphasis
Überzeugung,conviction
Ableitung,Derivation
aussteigen,exit
Chromosom,chromosome
vergleichbar,comparable
anhören,listen to
Tonne,ton
verleihen,to lend
Arbeiter,Worker
Bord,Board
entspannen,relax
kürzlich,recently
beurteilen,judge
raten,guess
Schnitt,cut
wertvoll,valuable
Erzähler,teller
Gold,gold
umstritten,controversial
aufsteigen,rising up
biologisch,biological
vielfältig,diverse
wirksam,effective
überlassen,leave
identifizieren,identify
Mittelwert,Average
Stil,style
Atmosphäre,the atmosphere
Beschäftigung,occupation
hinzufügen,Add
indirekt,indirect
Zeitraum,Period
aufkommen,come up
Plus,plus
Schwingung,vibration
Vektor,vector
Sauerstoff,oxygen
Äußerung,Statement
ausziehen,take off
Gewerkschaft,labor union
Tourismus,tourism
flach,flat
transportieren,transport
einheimisch,indigenous
Winkel,angle
sauer,angry
vermissen,miss
Geschlecht,gender
attraktiv,attractive
Aussicht,outlook
Betriebswirtschaftslehre,Business administration
Held,hero
sechzig,sixty
Base,base
Bilanz,Balance sheet
Geheimnis,secret
spätestens,no later than
dramatisch,dramatic
Ehre,Honor
entschließen,decide
gewöhnen,get used to
hingehen,go there
zittern,tremble
Dialog,dialog
Schuss,shot
Seminar,seminar
Werbung,advertising
Blume,flower
Schreibtisch,writing desk
verlieben,falling in love
winken,wave
fliehen,escape
interpretieren,interpret
olympisch,Olympic
verdammt,Damn
anerkennen,recognize
bewahren,maintain
illegal,illegal
Sand,sand
umbringen,kill
Fraktion,fraction
Gesellschafter,Partner
Schweden,Sweden
Verbesserung,improvement
worauf,whereupon
einsam,lonely
Innovation,innovation
Landwirtschaft,Agriculture
Therapie,therapy
Ablauf,process
anstehen,queue
Bemerkung,comment
Frankfurter,Frankfurter
identisch,identical
rollen,roll
Angehörige,Relative
Café,Coffee shop
dauerhaft,continuous
garantieren,to guarantee
Not,Need
räumlich,spatial
jahrelang,for years
Respekt,respect
gefährden,endanger
Spektrum,spectrum
vergeben,forgive
Weber,Weber
effektiv,effectively
Eingang,Entry
Erbe,heritage
islamisch,Islamic
zustimmen,agree
radikal,radical
Ausbau,expansion
Kanal,channel
registrieren,to register
verhandeln,negotiate
Wandel,change
Ast,branch
ausüben,exercise
jenseits,beyond
unterliegen,be subject
Wähler,Voter
willkommen,welcome
Gedächtnis,memory
gelegentlich,occasionally
bedürfen,require
Gefängnis,prison
Überraschung,surprise
Wechsel,Change
Wurzel,root
formal,formally
sanft,soft
aushalten,endure
bedrohen,threaten
keineswegs,in no way
klug,Smart
Arbeitnehmer,Employee
beugen,bend
einbringen,bring in
Materie,matter
Personal,staff
scheinbar,seemingly
Frequenz,frequency
lehren,to teach
selbstständig,self-employed
überwinden,overcome
unklar,not clear
verfügbar,accessible
wozu,what for
schlicht,simple
angemessen,appropriate
Arbeitsmarkt,labour market
Pass,passport
Bedarf,Requirement
ernsthaft,serious
werben,advertise
errichten,build up
Kredit,credit
Wohnzimmer,living room
Kompetenz,competence
Leitung,Management
strahlen,ray
Zucker,sugar
Austausch,Exchange
gleichen,resemble
Station,station
Kaiser,Emperor
sperren,lock out
Sportler,athlete
Differenz,difference
Fakt,fact
Herstellung,Production
Individuum,individual
Symbol,symbol
ausbreiten,spread
Versorgung,care
Kommentar,comment
kontinuierlich,continually
Radio,radio
Münchner,Munich
Musiker,Musician
wecken,wake up
ansteigen,increase
Rückkehr,return
auszeichnen,distinguish
Bar,bar
Betrachtung,Consideration
Kommission,Commission
Star,star
wütend,furious
christlich,Christian
Hamburger,hamburger
Leiche,Corpse
nochmals,again
wehren,defend
Abbau,Dismantling
Staatsanwaltschaft,Public prosecutor
Freizeit,leisure time
Geschenk,gift
hübsch,pretty
Moslem,Muslim
spontan,spontaneous
dorthin,there
Frühstück,breakfast
klettern,climb
Mittelpunkt,Focus
bereiten,prepare
Entstehung,Creation
konservativ,conservative
Magen,stomach
psychisch,mentally
Salz,Salt
siebzig,seventy
versichern,assure
Brite,Briton
erkennbar,recognizable
namens,called
Achse,axis
klingeln,ring
speichern,to save
Tee,tea
Zeuge,witness
Aufwand,expenditure
Kooperation,cooperation
Kritiker,critic
Tal,valley
derartig,such
Erste,First
vielfach,in many cases
empfangen,receive
Ernährung,nutrition
Küste,coast
mitkommen,come along
Republik,republic
zucken,pull out
anschließen,connect
austauschen,exchange
beschleunigen,accelerate
Norm,standard
anstellen,set up
decken,cover
grob,rough
Protest,protest
Tour,trip
Überblick,overview
Geschäftsführer,managing Director
Griff,Handle
küssen,kiss
Liter,liter
Subjekt,subject
Außenminister,Foreign Minister
Faser,fiber
Schatz,treasure
sekundär,secondary
Zentralbank,Central bank
Alte,Old
Angestellte,employee
dankbar,thankful
faszinieren,fascinate
Flur,corridor
Hemd,shirt
inhaltlich,in terms of content
Begründung,Reason
dreimal,3 times
momentan,currently
zögern,hesitate
derart,in such a way
kreativ,creative
einziehen,move in
Ausmaß,extent
Feind,Enemy
verbrennen,burn
Vorstand,board of directors
Atem,breath
Distanz,distance
Händler,Dealer
hassen,to hate
Muster,sample
ausführlich,detailed
bedenken,concerns
Terror,terror
Verfassung,Constitution
blind,blind
einschlafen,fall asleep
Flüchtlingskrise,Refugee crisis
Ärger,aggravation
allmählich,gradually
Führer,Leader
Vitamin,vitamin
Abschied,Taking leave
Hafen,harbor
Niere,kidney
abbilden,depict
Rezeptor,receptor
etablieren,establish
Messer,knife
teils,part
Brasilien,Brazil
ergreifen,seize
Grundgesetz,Basic Law
Herkunft,origin
hinausgehen,go out
Katastrophe,catastrophe
lehnen,lean
beraten,advise
bürgerlich,civil
Erlebnis,Adventure
nachher,later
übergehen,pass
Wut,Fury
aufrufen,call up
quer,cross
Kapitän,captain
zusammenhängen,context
Ausländer,Foreigner
Beschäftigte,Employee
Bundesliga,Bundesliga
nähern,approach
übel,bad
Ufer,Riverbank
Dichte,density
ehe,marriage
Strahlung,radiation
Virus,virus
Kontinent,continent
Milligramm,milligram
schwedisch,Swedish
sexuell,sexually
hierher,here
ironisch,ironic
Sprung,Leap
vorerst,for now
experimentell,experimental
kühl,cool
Maler,painter
Opposition,opposition
Saal,room
syrisch,Syrian
Grundsatz,principle
loben,praise
Zustimmung,approval
Absicht,intention
Adresse,address
Akzent,accent
verlängern,extend
Nahrung,food
niederländisch,Dutch
Planet,planet
Stress,stress
vermeintlich,alleged
zusammenarbeiten,work together
Parameter,parameter
steil,steep
Europäer,European
heimisch,native
interkulturell,intercultural
Stille,silence
Bildschirm,Screen
erwischen,catch
Proton,proton
Schweizer,Swiss
unheimlich,creepy
magnetisch,magnetic
versehen,Mistake
Beteiligung,participation
Frühjahr,spring
Hut,cap
Medium,medium
Verpflichtung,Obligation
Abteilung,department
alternativ,alternative
Mittag,Midday
befassen,deal with
Finale,final
gewähren,grant
aussagen,statement
Tendenz,tendency
Terrorist,terrorist
jemals,ever
Opa,Grandpa
arbeitslos,unemployed
Auswertung,Evaluation
Gras,grass
logisch,logical
Nachfolger,successor
verzweifeln,despair
bewältigen,get over
Emotion,emotion
Armut,Poverty
Australien,Australia
klagen,complain
schade,what a shame
Scheibe,disc
verbleiben,remain
Widerspruch,Objection
dastehen,stand up
nervös,nervous
regieren,govern
Regisseur,Director
süß,Sweet
Villa,villa
weh,sore
entlassen,fire
Presse,Press
womit,by which
abstimmen,vote
fair,fair
hervorragend,terrific
umfangreich,extensive
Europäische Zentralbank,European Central Bank
Infrastruktur,Infrastructure
Konkurrent,competitor
Party,party
Wellenlänge,wavelength
Anhänger,follower
betrieblich,operational
Finanzierung,financing
Inflation,inflation
murmeln,mumble
Plattform,platform
dominieren,dominate
einräumen,grant
herausstellen,turn out
Kleidung,Clothing
vereinen,unite
Bundesrat,Federal Council
abbrechen,abort
Aufklärung,enlightenment
auskommen,get out
denkbar,conceivable
Fernseher,TV
Italiener,Italian
mangeln,lack
Schönheit,beauty
verarbeiten,process
verkünden,proclaim
Dänemark,Denmark
dazwischen,between
einsteigen,enter
Tibet,Tibet
Webseite,website
widersprechen,contradict
Besitzer,Owner
japanisch,Japanese
ärgern,annoy
Persönlichkeit,personality
Truppe,Troop
ausdrücklich,expressly
Einschätzung,assessment
funktionell,functional
Gewebe,tissue
Resultat,result
Verwandte,Relative
Anordnung,arrangement
aufwachen,awaken
Kasse,Cash
Schulden,debts
Hinblick,Forthrough
Last,load
Zuhause,At home
einheitlich,uniformly
fünfzehn,fifteen
überschreiten,exceed
Version,version
Zunge,Tongue
dänisch,Danish
Einladung,invitation
Vielzahl,Variety
Arbeitgeber,employer
Höhle,cave
Lücke,gap
mehrmals,multiple times
subjektiv,subjective
unangenehm,unpleasant
Wirtschaftsforum,Economic forum
Angelegenheit,matter
charakteristisch,characteristic
Einnahme,Taking
Islam,Islam
basieren,base
einkaufen,shop
eintragen,enter
Vortrag,lecture
Zelt,tent
zusammensetzen,put together
bedanken,thank
Brille,glasses
Sammlung,collection
verschließen,close
Entwurf,draft
seither,since
ansagen,announce
hemmen,inhibit
Intelligenz,intelligence
senkrecht,perpendicular
dringen,penetrate
Migrant,Migrant
probieren,try out
Turnier,competition
verschaffen,provide
Volkswirtschaft,National economy
bearbeiten,to edit
flexibel,flexible
hierfür,therefor
mobil,mobile
Übersetzer,translator
wodurch,through which
zusagen,accept
Buchstabe,Letter
verdanken,owe
vierzig,Fourty
Vordergrund,foreground
Reiz,Stimulus
verständlich,understandable
Wahlkampf,Election campaign
flüssig,fluid
Sturm,Storm
Akteur,Actor
entnehmen,remove
räumen,clear
konsequent,consequent
bekämpfen,fight
Gehalt,salary
indes,however
Motto,motto
Philosophie,philosophy
Sender,Channel
Talent,talent
extra,extra
Fleck,spot
fressen,wolf down
Klage,legal action
anfangs,at first
Beratung,advisory
Gestaltung,layout
katholisch,Catholic
merkwürdig,unusual
bedecken,cover
Kuh,Cow
verknüpfen,link
Vorgehen,Proceed
drüben,over there
erschießen,shoot
Nutzer,User
Stabilität,stability
verringern,to decrease
juristisch,legal
peinlich,awkward
Anstrengung,effort
Nationalsozialist,National Socialist
rechtfertigen,justify
Zitat,Citation
Anpassung,adjustment
kaputt,broken
Menschheit,mankind
Note,grade
seufzen,sigh
Achtung,danger
ausgleichen,compensate
Pilot,pilot
Vereinbarung,agreement
aufbrechen,set out
Labor,laboratory
voraussetzen,assume
divers,diverse
Höhepunkt,Climax
Wiese,Meadow
Anerkennung,recognition
ausgeprägt,pronounced
Autobahn,Freeway
Formulierung,formulation
Berücksichtigung,Consideration
dementsprechend,accordingly
Schreck,Fright
Weihnachten,Christmas
Anschluss,connection
entziehen,revoke
Reduktion,reduction
Schwein,Pig
Komplex,complex
sofern,provided
anstreben,strive for
beklagen,complain
einigen,agree
Freundschaft,Friendship
Hütte,hut
Mantel,a coat
Prognose,forecast
zugehörig,belonging
analytisch,analytically
Anliegen,Issue
locker,relaxed
sonstig,other
abwarten,wait
bitter,bitter
permanent,permanent
Abkommen,agreement
Abstimmung,poll
Geschmack,taste
nachfolgen,follow
neigen,tend
Rente,pension
Taxi,taxi
vorhin,earlier
